control_system_id,control_system_name,experiment_id,experiment_name,state,start_time,end_time,zero_hour,daily_weight_start,daily_weight_duration,active,admin_name,admin_email,watering_frequency
1,Haifa,57,Jan25,2,2025-01-13T11:50:15,,8:00:00,5:30:00,20,1,,,1
1,Haifa,56,Cleaning,4,2024-12-23T13:11:55,2024-12-26T11:59:27,8:00:00,5:30:00,20,1,,,1
1,Haifa,55,Raffi,4,2024-10-06T11:24:57,2024-12-16T16:01:28,8:00:00,5:30:00,20,1,None,None,1
1,Haifa,54,Test,4,2024-08-18T14:18:24,,8:00:00,5:30:00,20,1,,,1
1,Haifa,53,PN_I_June,4,2024-06-16T10:36:20,,8:00:00,5:30:00,20,1,,,1
1,Haifa,52,Lettuce Rafi Mai,4,2024-05-08T14:20:48,,8:00:00,5:30:00,20,1,,,1
1,Haifa,51,Basil Neptunos march,4,2024-03-24T13:08:58,,8:00:00,5:30:00,20,1,,,1
1,Haifa,50,copy of Basil Promo October 2023,4,2023-11-23T10:37:23,,8:00:00,5:30:00,20,1,,,1
1,Haifa,49,Basil Promo October 2023,4,2023-10-12T11:13:31,,8:00:00,5:30:00,20,1,,,1
1,Haifa,48,Weather,4,2023-09-28T08:16:45,2023-10-11T10:40:04,8:00:00,5:30:00,20,1,,,1
1,Haifa,47,copy of Basil July 2023,4,2023-09-28T08:15:31,2023-09-28T08:15:42,8:00:00,5:30:00,20,1,,,1
1,Haifa,46,Basil July 2023,4,2023-07-16T11:54:33,2023-08-10T09:51:05,8:00:00,5:30:00,20,1,,,1
1,Haifa,45,mai 2023,4,2023-05-23T15:09:59,2023-07-11T12:02:41,8:00:00,5:30:00,20,1,,,1
1,Haifa,44,pre March2023,4,2023-03-29T12:00:40,2023-05-23T12:59:16,8:00:00,5:30:00,20,1,,,1
1,Haifa,43,pre dezember2022,4,2022-12-11T15:01:41,2023-03-29T09:56:55,8:00:00,5:30:00,20,1,,,1
1,Haifa,42,Pepper uni august2022,4,2022-08-25T10:44:49,2022-11-14T08:49:14,8:00:00,5:30:00,20,1,,,1
1,Haifa,41,New system test2,4,2022-08-22T17:24:18,2022-08-22T17:42:59,22:00:00,4:30:00,20,1,,,1
1,Haifa,40,test new system august 22,4,2022-08-22T15:50:34,2022-08-22T17:17:59,22:00:00,4:30:00,20,1,,,1
1,Haifa,39,pre_New-Basil4/7/22,4,2022-07-06T10:35:03,2022-08-14T08:19:53,22:30:00,5:00:00,20,1,Gai Shabtay,,1
1,Haifa,38,NewEX27.4.22,4,2022-04-27T09:09:47,2022-06-30T09:53:35,22:30:00,5:00:00,20,1,Gai Shabtay,,1
1,Haifa,37,pre25.4.22,4,2022-04-25T09:49:14,2022-04-27T09:09:28,22:30:00,5:00:00,20,1,Gai Shabtay,,1
1,Haifa,36,PPE formula 19.12.21,4,2021-12-19T08:42:59,2022-04-18T10:45:11,22:30:00,5:00:00,20,1,Gai Shabtay,,1
1,Haifa,35,pre  PPE formula 14.12.21,4,2021-12-14T14:37:41,2021-12-19T08:42:48,22:30:00,5:00:00,20,1,Gai Shabtay,,1
1,Haifa,34,Pepper new PPE formula 3.10.21,4,2021-10-06T16:30:18,2021-12-01T09:05:32,22:30:00,5:00:00,20,1,Aviel Zur,,1
1,Haifa,33,Pre Pepper new PPE formula 3.10.21,4,2021-10-03T11:04:01,2021-10-06T16:29:09,22:30:00,5:00:00,20,1,Aviel Zur,,1
1,Haifa,32,PPE foliar continuesly-Pepper 5.6.21,4,2021-04-05T15:23:39,2021-06-29T10:22:52,22:30:00,5:00:00,20,1,Aviel Zur,,1
1,Haifa,31,pre  PPE foliar continuesly-Pepper 31.3.21,4,2021-03-31T15:54:32,2021-04-05T15:23:36,22:30:00,5:00:00,20,1,Aviel Zur,,1
1,Haifa,30, PPE foliar continuesly-Pepper New,1,,,22:30:00,5:00:00,20,1,Aviel Zur,,1
1,Haifa,29,PPE foliar continuesly-Pepper,4,2021-02-22T09:18:00,2021-03-09T17:51:00,22:30:00,5:00:00,20,1,Aviel Zur,,1
1,Haifa,28, PPE foliar continuesly-Pepper,1,2021-02-16T10:06:00,2021-02-10T13:51:00,22:30:00,5:00:00,20,1,Aviel Zur,,1
1,Haifa,27,Pre PPE foliar continuesly-Pepper,4,2021-02-10T15:13:00,2021-02-16T10:06:00,22:30:00,5:00:00,20,1,Aviel Zur,,1
1,Haifa,26,New Lettuce ppe app time 12.7.20,4,2020-12-14T10:00:00,2021-01-21T14:40:00,22:30:00,5:00:00,20,1,Aviel Zur,,1
1,Haifa,25, Lettuce ppe app time 12.7.20,4,2020-12-10T17:06:00,2020-12-14T10:00:00,22:30:00,5:00:00,20,1,Aviel Zur,,1
1,Haifa,24, Pre  Lettuce ppe app time 12.7.20,4,2020-12-07T16:53:00,2020-12-10T17:06:00,22:30:00,5:00:00,20,1,Aviel Zur,,1
1,Haifa,23, pepper ppe app time,4,2020-10-04T08:26:00,2020-11-30T09:53:00,22:30:00,5:00:00,20,1,Aviel Zur,,1
1,Haifa,22,Pre  pepper ppe app time,4,2020-09-29T17:20:00,2020-10-04T08:26:00,22:30:00,5:00:00,20,1,Aviel Zur,,1
1,Haifa,21, pepper px foliar 2,4,2020-06-03T10:26:00,2020-07-14T09:46:00,22:30:00,5:00:00,20,1,Aviel Zur,,1
1,Haifa,20,pre  pepper px foliar 2,4,2020-05-31T15:46:00,2020-06-03T10:26:00,22:30:00,5:00:00,20,1,Aviel Zur,,1
1,Haifa,19,pepper px foliar new,4,2020-03-23T13:26:00,2020-05-26T10:46:00,22:30:00,5:00:00,20,1,,,1
1,Haifa,18, pepper px foliar,4,2020-03-16T09:13:00,2020-03-23T13:26:00,22:30:00,5:00:00,20,1,,,1
1,Haifa,17,pre pepper px foliar,4,2020-03-11T12:33:00,2020-03-16T09:13:00,22:30:00,5:00:00,20,1,,,1
1,Haifa,16,px 200 Pepper,4,2019-11-26T12:06:00,2020-03-04T11:06:00,22:45:00,5:00:00,20,1,,,1
1,Haifa,15,pre px 200 Pepper,4,2019-11-18T15:13:00,2019-11-26T12:06:00,22:45:00,5:00:00,20,1,,,1
1,Haifa,14,cl clean,4,2019-11-07T12:33:00,2019-11-07T15:20:00,0:00:00,5:00:00,20,1,,,1
1,Haifa,13, px 200 tomato,4,2019-09-12T14:53:00,2019-11-07T09:46:00,22:45:00,5:00:00,20,1,,,1
1,Haifa,12,pre px 200 tomato,4,2019-09-08T10:53:00,2019-09-12T14:53:00,22:45:00,5:00:00,20,1,,,1
1,Haifa,11,clean,4,2019-06-16T13:00:00,2019-09-08T10:53:00,0:00:00,5:00:00,20,1,,,1
1,Haifa,10, pepper bio stimu 2,4,2019-05-15T08:46:00,2019-06-16T10:13:00,0:00:00,5:00:00,20,1,,,1
1,Haifa,9, pre pepper bio stimu 2,4,2019-05-06T13:40:00,2019-05-15T08:46:00,0:00:00,5:00:00,20,1,,,1
1,Haifa,8, pepper bio stimu,4,2019-03-25T07:46:00,2019-05-05T15:26:00,22:30:00,5:00:00,20,1,,,1
1,Haifa,7,pre exp pepper bio stimu,4,2019-03-14T07:53:00,2019-03-25T07:46:00,22:30:00,5:00:00,20,1,,,1
1,Haifa,6, Tomato #2,4,2019-01-08T12:20:00,2019-03-04T09:00:00,5:30:00,5:30:00,20,1,,,1
1,Haifa,5,Tomato,4,2018-11-18T11:20:00,2019-01-03T10:06:00,5:30:00,5:30:00,20,1,,,1
1,Haifa,4, Pepper 12-43-12 *2,4,2018-10-16T11:40:00,2018-11-11T12:40:00,5:30:00,5:30:00,20,1,,,1
1,Haifa,3,Pepper 12-43-12,4,2018-10-10T14:00:00,2018-10-16T11:40:00,5:30:00,5:30:00,20,1,,,1
1,Haifa,2,Basil,4,2018-06-14T09:53:00,2018-08-05T09:06:00,22:00:00,4:10:00,20,1,,,1
1,Haifa,1,exp_1,4,2018-06-14T09:53:00,2018-08-05T09:06:00,22:00:00,4:30:00,20,1,,,1
2,Biozeron,119,tea and lh 20241012,4,2024-10-12T12:20:19,2024-12-03T10:25:23,22:00:00,4:30:00,20,1,,,1
2,Biozeron,118,20240925-tmp-tomato-p,4,2024-09-25T15:17:49,2024-10-08T17:09:04,22:00:00,4:30:00,20,1,,,1
2,Biozeron,117,beans-20240703,4,2024-07-03T08:26:10,2024-08-06T12:34:33,22:00:00,4:30:00,20,1,,,1
2,Biozeron,116,beans-20240509,4,2024-05-09T16:20:11,2024-07-01T17:32:49,22:00:00,4:30:00,20,1,,,1
2,Biozeron,115,20140417_watermelon_evaluation,4,2024-04-17T14:22:12,2024-05-08T15:38:39,22:00:00,4:30:00,20,1,,,1
2,Biozeron,114,20240413_watermelon_G42,4,2024-04-13T12:05:08,2024-05-08T16:09:45,22:00:00,4:30:00,20,1,,,1
2,Biozeron,113,tomato-20240410,4,2024-04-10T09:56:51,2024-05-09T15:48:33,22:00:00,4:30:00,20,1,,,1
2,Biozeron,112,tea and bea 20240314,4,2024-03-14T09:54:54,2024-04-13T11:57:20,22:00:00,4:30:00,20,1,,,1
2,Biozeron,111,tea-20240110,4,2024-01-10T15:44:10,,22:00:00,4:30:00,20,1,,,1
2,Biozeron,110,beans-20231123,4,2023-11-23T09:40:02,,22:00:00,4:30:00,20,1,,,1
2,Biozeron,109,tomato-20231115,4,2023-11-15T15:40:22,,22:00:00,4:30:00,20,1,,,1
2,Biozeron,108,beans+tomato-20231024,4,2023-10-24T09:27:13,2023-11-21T11:21:00,22:00:00,4:30:00,20,1,,,1
2,Biozeron,107,tomato-20230928,4,2023-09-28T16:04:06,2023-11-07T17:59:13,22:00:00,4:30:00,20,1,,,1
2,Biozeron,106,beans-20230913,4,2023-09-13T10:14:35,2023-10-23T09:12:00,22:00:00,4:30:00,20,1,,,1
2,Biozeron,105,tomato-20230809,4,2023-08-09T10:20:29,2023-09-28T15:17:43,22:00:00,4:30:00,20,1,,,1
2,Biozeron,104,Tomato-watermelon-CrackTest-20230808,4,2023-08-08T12:05:59,2023-09-12T09:12:04,22:00:00,4:30:00,20,1,,,1
2,Biozeron,103,pea-CLE-20230722,4,2023-07-22T10:44:46,2023-08-07T16:31:31,22:00:00,4:30:00,20,1,,,1
2,Biozeron,102,tomoto-20230619,4,2023-06-19T10:23:46,2023-07-10T09:27:06,22:00:00,4:30:00,20,1,,,1
2,Biozeron,101,bea-20230615,4,2023-06-14T14:13:20,2023-07-05T09:25:29,22:00:00,4:30:00,20,1,,,1
2,Biozeron,100,bea-20230522,4,2023-05-22T10:46:42,2023-06-14T09:08:38,22:00:00,4:30:00,20,1,,,1
2,Biozeron,99,tomoto-20230514,4,2023-05-14T15:58:51,2023-05-16T17:04:50,22:00:00,4:30:00,20,1,,,1
2,Biozeron,98,bean-20230425,4,2023-04-25T09:55:52,2023-05-22T07:22:57,22:00:00,4:30:00,20,1,,,1
2,Biozeron,97,tomoto-20230421,4,2023-04-21T11:21:46,2023-05-14T09:49:07,22:00:00,4:30:00,20,1,,,1
2,Biozeron,96,tomoto-20230414,4,2023-04-14T15:04:07,2023-04-21T09:41:18,22:00:00,4:30:00,20,1,,,1
2,Biozeron,95,bea-20230330,4,2023-03-30T10:20:16,2023-04-24T09:39:31,22:00:00,4:30:00,20,1,,,1
2,Biozeron,94,Beas-20230320,4,2023-03-20T11:18:51,2023-03-28T09:37:13,22:00:00,4:30:00,20,1,,,1
2,Biozeron,93,tomato-20230313,4,2023-03-13T16:00:09,2023-03-30T10:25:40,22:00:00,4:30:00,20,1,,,1
2,Biozeron,92,tomato-20230222,4,2023-02-22T12:44:08,2023-03-13T15:07:34,22:00:00,4:30:00,20,1,,,1
2,Biozeron,91,watermelon_cr_20230208,4,2023-02-09T14:32:16,2023-03-17T15:32:22,22:00:00,4:30:00,20,1,,,1
2,Biozeron,90,tomato-20230120,4,2023-01-20T16:24:16,2023-02-20T16:49:03,22:00:00,4:30:00,20,1,,,1
2,Biozeron,89,tomato-20230104,4,2023-01-05T09:13:00,2023-01-20T15:55:53,22:00:00,4:30:00,20,1,,,1
2,Biozeron,88,Tomato_202201209,4,2022-12-09T14:59:33,2023-01-04T16:16:51,22:00:00,4:30:00,20,1,,,1
2,Biozeron,87,beans_20221205,4,2022-12-05T16:01:31,2023-01-15T13:26:12,22:00:00,4:30:00,20,1,,,1
2,Biozeron,86,Tomato_202201023,4,2022-10-23T10:28:22,2022-12-06T19:58:56,22:00:00,4:30:00,20,1,,,1
2,Biozeron,85,beans_20221023,4,2022-10-23T10:27:45,2022-12-04T17:44:07,22:00:00,4:30:00,20,1,,,1
2,Biozeron,84,Tomato_202200930,4,2022-09-30T13:12:07,2022-10-23T09:05:08,22:00:00,4:30:00,20,1,,,1
2,Biozeron,83,beans_20220930,4,2022-09-30T13:11:24,2022-10-19T14:14:28,22:00:00,4:30:00,20,1,,,1
2,Biozeron,82,tea-20220928,4,2022-09-28T11:39:52,2022-12-10T15:16:36,22:00:00,4:30:00,20,1,,chengrui@jaas.ac.cn,1
2,Biozeron,81,Tomato_202200906,3,2022-09-06T14:25:51,2022-09-29T09:34:10,22:00:00,4:30:00,20,1,,,1
2,Biozeron,80,beans_20220906,4,2022-09-06T11:06:27,2022-09-27T13:54:52,22:00:00,4:30:00,20,1,,,1
2,Biozeron,79,Beans_20220906,4,2022-09-06T08:42:47,2022-09-06T10:38:34,22:00:00,4:30:00,20,1,,,1
2,Biozeron,78,watermelon-cr20220812,4,2022-08-12T18:35:53,2022-08-29T18:14:33,22:00:00,4:30:00,20,1,,,1
2,Biozeron,77,watermelon_20220802,4,2022-08-02T09:10:49,2022-08-31T18:12:40,22:00:00,4:30:00,20,1,,,1
2,Biozeron,76,watermelon_cr_20220713,4,2022-07-13T14:55:41,2022-08-22T17:31:39,22:00:00,4:30:00,20,1,,chengrui@jaas.ac.cn,1
2,Biozeron,75,Beans_20220708,4,2022-07-08T13:53:39,2022-08-10T15:26:17,22:00:00,4:30:00,20,1,,,1
2,Biozeron,74,Tomato_202200608,4,2022-06-08T13:47:21,2022-07-30T17:31:35,22:00:00,4:30:00,20,1,,,1
2,Biozeron,73,Beans_20220608,4,2022-06-08T13:36:54,2022-07-07T23:09:31,22:00:00,4:30:00,20,1,,,1
2,Biozeron,72,Beans_20220522,4,2022-05-22T09:08:22,2022-05-31T14:31:55,22:00:00,4:30:00,20,1,,,1
2,Biozeron,71,Tomato_20220514,4,2022-05-14T16:19:44,2022-06-08T09:19:18,22:00:00,4:30:00,20,1,,,1
2,Biozeron,70,tomato-20220412,4,2022-04-12T16:37:13,2022-05-09T08:43:12,22:00:00,4:30:00,20,1,,,1
2,Biozeron,69,strawberry-20220322,4,2022-03-22T11:56:50,2022-05-05T09:10:28,19:00:00,4:30:00,20,1,,,1
2,Biozeron,68,Pea-20220322,4,2022-03-22T11:56:40,2022-04-18T14:03:08,22:00:00,4:30:00,20,1,,,1
2,Biozeron,67,Tomato-20220322,4,2022-03-22T11:56:30,2022-04-12T14:33:01,22:00:00,4:30:00,20,1,,,1
2,Biozeron,66,strawberry--salt treat--20220307,4,2022-03-07T15:22:48,2022-03-21T13:06:10,22:00:00,4:30:00,20,1,,,1
2,Biozeron,65,pepper-20220130,4,2022-01-30T14:59:40,2022-03-06T15:28:28,22:00:00,4:30:00,20,1,,,1
2,Biozeron,64,pepper-20220130,1,,,22:00:00,4:30:00,20,1,,,1
2,Biozeron,63,watermelon-20220130,4,2022-01-30T14:34:00,2022-03-06T15:23:56,22:00:00,4:30:00,20,1,,,1
2,Biozeron,62,tomato-2021-12-29,4,2021-12-29T15:58:16,2022-02-08T17:13:36,22:00:00,4:30:00,20,1,,,1
2,Biozeron,61,Beans_graf-2021-12-27,4,2021-12-27T14:14:02,2022-01-30T13:21:18,22:00:00,4:30:00,20,1,,,1
2,Biozeron,60,Strawberry-2021-12-12,4,2021-12-13T16:30:54,2022-01-25T16:04:02,22:00:00,4:30:00,20,1,,,1
2,Biozeron,59,tomato-2021-11-24,4,2021-11-24T15:24:35,2021-12-27T09:23:05,22:00:00,4:30:00,20,1,,,1
2,Biozeron,58,Beans and graft20211014,4,2021-10-14T15:57:49,2021-11-18T13:26:44,22:00:00,4:30:00,20,1,,,1
2,Biozeron,57,tomato SDV20211014,4,2021-10-14T15:57:38,2021-11-22T10:03:07,22:00:00,4:30:00,20,1,,,1
2,Biozeron,56,tomato 20210829,4,2021-08-29T13:06:19,2021-09-27T18:55:53,22:00:00,4:30:00,20,1,,,1
2,Biozeron,55,cowpea and strawberry and watermelon 20210829,4,2021-08-29T13:05:39,2021-09-27T18:59:28,22:00:00,4:30:00,20,1,,,1
2,Biozeron,54,grat and watermelon 20210802,4,2021-08-02T13:20:04,2021-08-23T14:05:05,22:00:00,4:30:00,20,1,,,1
2,Biozeron,53,tomato-2021-7-15,4,2021-07-15T11:44:31,2021-08-26T13:20:48,22:00:00,4:30:00,20,1,,,1
2,Biozeron,52,graft and watermelon20210604,4,2021-06-04T16:04:12,2021-07-08T09:19:53,19:00:00,4:30:00,20,1,,,1
2,Biozeron,51,watermelon210301-2,4,2021-03-01T17:38:31,2021-04-20T12:56:13,22:00:00,4:30:00,20,1,,,1
2,Biozeron,50,tomato-2021-3-1,4,2021-03-01T16:05:31,2021-04-21T09:13:35,19:00:00,4:30:00,20,1,,,1
2,Biozeron,49,pepper-2021-3-1,4,2021-03-01T16:05:37,2021-05-08T16:45:52,19:00:00,4:30:00,20,1,,,1
2,Biozeron,48,watermelon-2021-3-,4,2021-03-01T16:00:42,2021-04-20T12:56:04,19:00:00,4:30:00,20,1,,,1
2,Biozeron,47,graft-20201120,4,2020-11-20T14:16:28,2020-12-27T14:59:54,19:00:00,4:30:00,20,1,,,1
2,Biozeron,46,common bean20200920,4,2020-09-20T10:37:53,2020-11-03T14:13:48,19:00:00,4:30:00,20,1,,,1
2,Biozeron,45,cowpea20200920,4,2020-09-20T10:36:42,2020-10-22T08:57:39,19:00:00,4:30:00,20,1,,,1
2,Biozeron,44,common bean20200920,4,2020-09-20T09:40:42,2020-09-20T09:41:12,19:00:00,4:30:00,20,1,,,1
2,Biozeron,43,cowpea20200806,4,2020-08-06T14:45:27,2020-08-31T10:30:46,19:00:00,4:30:00,20,1,,,1
2,Biozeron,42,common bean20200806,4,2020-08-06T14:45:59,2020-08-31T10:30:52,19:00:00,4:30:00,20,1,,,1
2,Biozeron,41,Soil Matrix  Test  1,4,2020-07-02T15:21:07,2020-08-02T09:45:54,6:00:00,4:00:00,20,1,,,1
2,Biozeron,40,Soil Matrix  Test  ,4,2020-07-02T14:45:59,2020-07-02T15:20:46,22:00:00,4:30:00,20,1,,,1
2,Biozeron,39,Fixed Panel Test B13 C07 C20 D16,4,2020-07-02T13:54:41,2020-08-02T09:46:04,22:00:00,4:30:00,20,1,,,1
2,Biozeron,38,Broken Panel Test B13 C07 C20 D16,4,2020-06-24T17:07:19,2020-07-02T08:49:13,22:00:00,4:30:00,20,1,,,1
2,Biozeron,37,copy of cowpea20200428,4,2020-06-19T14:06:03,2020-06-24T08:44:57,6:00:00,5:00:00,20,1,,,1
2,Biozeron,36,cowpea20200428,4,2020-04-28T17:42:50,2020-06-19T14:05:17,6:00:00,5:00:00,20,1,,,1
2,Biozeron,35,cowpea 20191223,4,2019-12-23T15:11:34,2020-02-17T14:05:01,6:00:00,5:00:00,20,1,,,1
2,Biozeron,34,CJLU 20191015,4,2019-10-15T13:56:17,2019-11-13T10:15:18,6:00:00,5:00:00,20,1,,,1
2,Biozeron,33,cowpea 20190911,4,2019-09-11T13:53:08,2019-10-12T09:21:44,6:00:00,5:00:00,20,1,,,1
2,Biozeron,32,cowpea 20190815,4,2019-08-15T19:52:04,2019-09-10T09:02:04,6:00:00,5:00:00,20,1,,,1
2,Biozeron,31,cowpea 20190815,4,2019-08-15T11:40:18,2019-08-15T19:45:00,6:00:00,5:00:00,20,1,,,1
2,Biozeron,30,rice 20190718,4,2019-07-18T13:48:22,2019-08-13T15:23:38,6:00:00,5:00:00,20,1,,,1
2,Biozeron,29,cowpea 20190718,4,2019-07-18T13:40:45,2019-08-13T15:23:33,6:00:00,5:00:00,20,1,,,1
2,Biozeron,28,cowpea 2019717,4,2019-07-17T17:07:43,2019-07-18T13:40:26,6:00:00,4:30:00,20,1,,,1
2,Biozeron,27,cowpea 2019717,4,2019-07-17T16:57:42,2019-07-17T17:00:00,6:00:00,4:30:00,20,1,,,1
2,Biozeron,26,cowpea zhongzi 20190413,4,2019-04-14T22:46:41,2019-06-13T08:52:57,6:00:00,4:30:00,20,1,,,1
2,Biozeron,25,cowpea miao 20190413,4,2019-04-14T22:38:52,2019-06-13T08:53:05,6:00:00,4:30:00,20,1,,,1
2,Biozeron,24,copy of copy of ZAAAS cowpea 20190413,4,2019-04-14T17:02:30,2019-04-14T22:28:01,6:00:00,4:30:00,20,1,,,1
2,Biozeron,23,copy of ZAAAS cowpea 20190413,4,2019-04-14T16:18:42,2019-04-14T16:57:00,6:00:00,4:30:00,20,1,,,1
2,Biozeron,22,ZAAAS cowpea 20190413,4,2019-04-13T15:16:43,2019-04-14T16:09:00,6:00:00,4:30:00,20,1,,,1
2,Biozeron,21,Test Pot Teta,4,2019-04-13T12:02:50,2019-06-13T08:53:15,22:00:00,4:30:00,20,1,,,1
2,Biozeron,20,copy of Testin the new setup,4,2019-04-13T09:08:44,2019-04-13T12:02:44,6:00:00,4:30:00,20,1,,,1
2,Biozeron,19,Testin the new setup,4,2019-04-12T18:08:38,2019-04-13T08:57:00,6:00:00,4:30:00,20,1,,,1
2,Biozeron,18,test,4,2019-01-25T10:29:50,2019-04-09T09:22:38,6:00:00,4:30:00,20,1,,,1
2,Biozeron,17,copy of JIAJIE,4,2018-11-17T14:29:22,2019-01-02T09:40:15,6:00:00,4:30:00,20,1,,,1
2,Biozeron,16,JIAJIE,4,2018-11-16T09:12:05,2018-11-17T14:29:02,22:00:00,4:30:00,20,1,,,1
2,Biozeron,15,copy of copy of cowpea,4,2018-11-16T09:09:57,2018-12-16T09:09:57,22:00:00,4:30:00,20,1,,,1
2,Biozeron,14,watermelon,4,2018-09-26T16:37:36,2018-10-24T15:11:16,22:00:00,4:30:00,20,1,,,1
2,Biozeron,13,copy of cowpea,4,2018-07-06T18:29:07,2018-08-09T17:14:06,22:00:00,4:30:00,20,1,,,1
2,Biozeron,12,cowpea,4,2018-07-02T21:26:11,2018-07-06T18:28:44,22:00:00,4:30:00,20,1,,,1
2,Biozeron,7,18TypeSoil,4,2018-05-27T22:24:04,2018-06-29T09:35:21,22:00:00,4:30:00,20,1,,,1
2,Biozeron,5,XUPEI_2,4,2018-05-27T22:22:51,2018-06-29T09:35:17,22:00:00,4:30:00,20,1,,,1
2,Biozeron,4,XUPEI,4,2018-05-27T09:55:45,2018-05-27T22:22:48,22:00:00,4:30:00,20,1,,,1
2,Biozeron,3,some soil ,4,2018-05-27T09:54:01,2018-05-27T22:22:45,22:00:00,4:30:00,20,1,,,1
2,Biozeron,2,Pilot,4,2018-05-26T15:33:27,2018-05-27T09:53:28,22:00:00,4:30:00,20,1,,,1
2,Biozeron,1,exp_1,4,2018-05-24T03:43:16,2018-05-25T12:37:50,22:00:00,4:30:00,20,1,,,1
3,iCore,432,shai salt table d bath,4,2025-02-12T11:47:45,2025-03-02T14:27:08,22:00:00,4:30:00,20,1,,,1
3,iCore,431,ICL lettuce Feb25  [K],2,2025-02-12T09:06:19,,22:00:00,4:30:00,15,1,,,1
3,iCore,430,"Assaf Tomato [J,I] Jan25",2,2025-01-01T13:28:35,,22:00:00,4:00:00,20,1,,,1
3,iCore,429,Shani big-data wheat,4,2024-12-26T12:43:07,2025-03-02T14:53:18,22:00:00,4:30:00,20,1,,,1
3,iCore,428,Shani data drought,4,2024-12-11T10:08:15,2025-02-12T11:35:04,22:00:00,4:30:00,20,1,,,1
3,iCore,426,Ido Tomato no.3 [H],2,2024-12-01T11:20:41,,22:00:00,4:30:00,20,1,,,1
3,iCore,425,ICL Potassium Nov24 [K],4,2024-11-24T15:52:16,2025-01-16T11:21:42,22:00:00,4:30:00,15,1,,,1
3,iCore,424,Assaf Sit [D],4,2024-11-20T12:06:00,2025-03-02T12:02:21,22:00:00,4:30:00,20,1,,,1
3,iCore,423,Climate Crop Tomatoes [C],4,2024-10-20T14:18:40,2024-12-05T08:41:27,22:00:00,4:30:00,20,1,,,1
3,iCore,422,"BreeTOMICs- Salvatore [I, H]",4,2024-10-16T01:21:00,2024-11-14T22:18:00,22:00:00,4:30:00,20,1,None,None,1
3,iCore,421,Rings quality test#2,4,2024-09-03T14:00:04,2024-09-30T13:24:24,7:00:00,4:30:00,20,1,None,None,1
3,iCore,420,Rings quality test,4,,,22:00:00,4:30:00,20,1,,,1
3,iCore,419,Limagrain [J],4,2024-09-01T18:10:11,2024-10-01T09:04:44,22:00:00,4:30:00,20,1,None,None,1
3,iCore,418,ICL Timing Sep24 [Table K],4,2024-09-01T15:04:33,2024-10-15T14:17:59,22:00:00,4:30:00,15,1,None,None,1
3,iCore,417,Yossi Riov's Cypress [B],4,2024-08-06T10:59:21,2024-11-06T16:36:33,22:00:00,4:30:00,20,1,,,1
3,iCore,416,B Irrigation,4,2024-07-28T11:54:20,,22:00:00,4:30:00,20,1,,,1
3,iCore,415,Ido Lettuce no.2[H],4,2024-07-15T15:40:17,,22:00:00,4:30:00,20,1,None,None,1
3,iCore,414,Ido big Mimoza [B],4,2024-06-10T12:00:47,,22:00:00,4:30:00,20,1,,,1
3,iCore,413,Ido Lettuce[H],4,2024-05-30T13:41:07,,22:00:00,4:30:00,20,1,,,1
3,iCore,412,ICL June 24  basil [Table K],4,2024-05-29T14:32:15,,22:00:00,4:30:00,20,1,None,None,1
3,iCore,411,Eran Vines real Fixed [J],4,2024-05-27T16:18:30,,22:00:00,4:30:00,20,1,,,1
3,iCore,410,Eran Vines Fixed [J],1,,,22:00:00,4:30:00,20,1,,,1
3,iCore,409,"Herman Tomatos [C,I]",4,2024-05-27T06:00:44,,22:00:00,4:30:00,20,1,,,1
3,iCore,408,Dan Almonds [D],4,2024-05-26T16:46:50,,22:00:00,4:30:00,20,1,,,1
3,iCore,407,Matar Tomatos [B],4,2024-05-19T17:00:45,,22:00:00,4:30:00,20,1,,,1
3,iCore,406,FuturaGene eucalyptus [H],4,2024-05-19T11:52:51,,22:00:00,4:30:00,20,1,,,1
3,iCore,405,Eran Vine Experiment [J],4,2024-05-15T15:36:57,,22:00:00,4:30:00,20,1,,,1
3,iCore,404,Hadas bubbles [Table K],4,2024-05-12T13:08:39,,3:50:00,4:30:00,20,1,None,None,1
3,iCore,403,2nd AGVines [s],2,2024-04-07T15:00:01,,22:00:00,4:30:00,20,1,Ohad,,1
3,iCore,402,ICL Apr24  basil [Table K],4,2024-04-07T12:04:50,,22:00:00,4:30:00,20,1,,,1
3,iCore,401,Eran Vine Check [J],4,2024-03-21T12:02:49,,22:00:00,4:30:00,20,1,,,1
3,iCore,400,"Bnaya 2nd Tomatos [B,H,C]",4,2024-03-20T14:15:00,2024-04-30T11:54:00,22:00:00,4:30:00,20,1,None,None,1
3,iCore,399,Gal Tomato Feb2024,4,2024-02-19T15:34:33,2024-03-11T16:09:33,22:00:00,4:30:00,20,1,,,1
3,iCore,398,Yevul Info [J],4,2024-02-18T12:08:36,,22:00:00,4:30:00,20,1,None,None,1
3,iCore,397,ICL Agrimatch Feb24 [Table K],4,2024-02-13T08:26:13,,3:50:00,4:30:00,20,1,None,None,1
3,iCore,396,"Dan Almonds [D,C]",4,2024-01-24T15:47:22,2024-05-26T16:15:27,22:00:00,4:30:00,20,1,,,1
3,iCore,395,Matanel Biostim#1 (I),4,2024-01-08T18:06:52,,22:00:00,4:30:00,20,1,,,1
3,iCore,394,Bnaya AI weight 2,4,2023-12-18T04:00:00,,22:00:00,4:30:00,20,1,,,1
3,iCore,393,shani MM salt,4,2023-12-11T17:09:33,,3:50:00,4:30:00,20,1,,,1
3,iCore,392,Ahan Bacteria infilteration (11.23),4,2023-11-08T15:43:09,,22:00:00,4:30:00,20,1,,,1
3,iCore,391,Bnaya AI Weight,4,2023-11-02T15:23:29,,3:50:00,4:30:00,20,1,Yuval Ido,,1
3,iCore,390,Marina potato OCt23 table K,4,2023-11-03T12:31:12,,3:50:00,4:30:00,20,1,None,None,1
3,iCore,389,lidoy's Mimosa [H] - continue,4,2023-10-19T16:54:13,,22:00:00,4:30:00,20,1,,,1
3,iCore,388,Seedlings [Table L],4,2023-10-11T18:40:44,2024-06-10T12:06:46,22:00:00,4:30:00,20,1,,,1
3,iCore,387,"Hazera Oct23 [Table B,C]",4,2023-10-04T12:22:13,2023-11-08T15:10:55,22:00:00,5:33:00,20,1,None,None,1
3,iCore,386,lidoy's Mimosa [H],4,2023-09-19T16:25:57,,22:00:00,4:30:00,20,1,None,None,1
3,iCore,385,"Guy Corn [I,J]",4,2023-09-18T12:19:09,2023-11-06T18:42:14,22:00:00,4:30:00,20,1,,,1
3,iCore,384,Raz Tomato flood [D],4,2023-09-04T15:57:22,2023-10-14T11:02:38,6:00:00,4:30:00,20,1,None,None,1
3,iCore,383,Demo2,4,2023-08-24T12:33:54,,22:00:00,4:30:00,20,1,,,1
3,iCore,382,Linoy and Ruth,4,2023-08-24T12:29:22,2023-08-24T12:29:40,22:00:00,4:30:00,20,1,,,1
3,iCore,381,asaf 3nd SugarCane,4,2023-08-16T10:50:39,,22:00:00,4:30:00,20,1,,,1
3,iCore,380,ICL Timing Aug23 [Table K],4,2023-08-09T10:09:23,2023-09-20T09:41:40,22:00:00,4:30:00,15,1,,,1
3,iCore,379,"Hazera Jul23 [Table B,C]",4,2023-07-18T17:15:32,2023-07-23T15:16:39,22:00:00,4:30:00,20,1,,,1
3,iCore,378,Dror 10 Plants,4,2023-06-26T13:45:56,2023-08-16T17:45:44,22:00:00,4:30:00,20,1,,,1
3,iCore,377,PDT_test_Ruth,4,2023-06-19T12:01:06,2023-07-16T18:20:19,20:00:00,5:30:00,20,1,,,1
3,iCore,376,Ofer Olives [table I],4,2023-06-13T14:49:46,2023-08-29T17:35:49,22:00:00,4:30:00,20,1,None,None,1
3,iCore,375,Asaf 2nd SugarCane [Table H],4,2023-06-12T14:51:51,2023-08-06T18:38:50,22:00:00,4:30:00,20,1,,,1
3,iCore,374,AGVines[S],4,2023-06-11T16:56:53,2024-04-07T14:14:44,22:00:00,4:30:00,20,1,Ohad,,1
3,iCore,373,ICL new CO2 Jun23 [Table K],4,2023-06-06T10:36:47,2023-07-27T12:01:50,3:50:00,4:30:00,20,1,None,None,1
3,iCore,372,Fainal Test Dror New Irrigation (H),4,2023-06-05T15:45:00,2023-06-05T17:42:17,22:00:00,4:30:00,20,1,None,None,1
3,iCore,371,copy of Dror New Irrigation (H),4,2023-06-01T17:01:29,2023-06-01T18:52:00,22:00:00,4:30:00,20,1,,,1
3,iCore,370,Asaf Sugar Canes (H),4,2023-05-30T15:11:44,2023-08-16T10:49:11,22:00:00,4:30:00,20,1,,,1
3,iCore,369,Dror New Irrigation (H),4,2023-05-22T15:13:21,2023-06-01T16:46:07,22:00:00,4:30:00,20,1,,,1
3,iCore,368,Lidorr Elements Biostimulants [J],4,2023-05-21T09:55:33,2023-06-21T14:53:44,22:00:00,4:30:00,20,1,,,1
3,iCore,367,Raz Hidro check [H],4,2023-05-17T16:09:11,2023-06-22T16:45:13,22:00:00,4:30:00,20,1,Raz,,1
3,iCore,366,Bnaya Tomato's [B],4,2023-04-21T13:19:05,2023-07-02T10:27:43,22:00:00,4:30:00,20,1,,,1
3,iCore,365,Giora Biostimulants [I],4,2023-04-03T11:48:32,2023-05-07T14:50:57,22:00:00,5:00:00,20,1,,,1
3,iCore,364,ICL biosti Apr23 [Table K],4,2023-04-02T10:38:32,2023-05-29T16:59:34,3:50:00,4:30:00,20,1,,,1
3,iCore,363,Marina potato 2nd fixed [H],4,2023-03-12T14:16:13,2023-04-28T11:32:18,22:00:00,5:00:00,20,1,,,1
3,iCore,362,almond check fixed [H],4,2023-03-12T14:13:10,2023-05-18T17:34:03,22:00:00,4:30:00,20,1,,,1
3,iCore,361,"Ahan Chickpea 2023 [C,D,J]",4,2023-03-09T19:54:00,2023-04-22T14:27:00,22:00:00,4:30:00,20,1,None,None,1
3,iCore,360,Marina potato 2nd (H),4,2023-03-12T12:15:17,2023-03-12T14:14:01,22:00:00,4:30:00,20,1,,,1
3,iCore,359,Marina potato [B],4,2023-02-20T09:39:42,2023-03-30T14:34:36,22:00:00,4:30:00,20,1,,,1
3,iCore,358,almond check [H],4,2023-02-09T12:50:05,2023-03-12T14:10:41,22:00:00,4:30:00,20,1,,,1
3,iCore,357,CREA training 2023,4,2023-01-31T16:40:07,2023-03-09T10:45:06,7:00:00,5:00:00,20,1,,,1
3,iCore,356,Bnaya wheat [Table K],4,2023-01-18T10:44:18,2023-03-26T12:52:50,22:00:00,4:30:00,20,1,,,1
3,iCore,355,Bnaya probs_cal',4,2023-01-15T17:26:56,2023-01-17T14:54:30,22:00:00,4:30:00,20,1,,,1
3,iCore,354,"Ahan Barley wheat [C,D,I,J]",4,2023-01-13T00:00:00,2023-03-07T23:59:00,22:00:00,4:30:00,20,1,None,None,1
3,iCore,353,Tamar Soil Check,4,2023-01-05T10:37:53,2023-01-23T10:39:19,22:00:00,4:30:00,20,1,,,1
3,iCore,352,hoof check DOR,4,2023-01-04T12:14:11,2023-01-12T16:17:05,22:00:00,4:30:00,20,1,,,1
3,iCore,351,Table B check DOR,4,2022-12-18T11:28:44,2022-12-25T11:59:00,3:50:00,4:30:00,30,1,,,1
3,iCore,350,Bnaya 2nd prob experiment,4,2022-12-12T15:03:22,2023-01-12T10:11:35,22:00:00,4:30:00,20,1,,,1
3,iCore,349,Big Data_01[Table K],4,2022-12-19T10:15:15,2023-02-17T12:05:30,22:00:00,4:30:00,20,1,,,1
3,iCore,348,Bnaya probs experiment,4,2022-11-16T15:43:00,2022-12-11T17:05:39,22:00:00,4:30:00,20,1,,,1
3,iCore,347,Fernanda- tomatos,4,2022-11-10T12:50:51,2022-12-13T10:43:39,22:00:00,4:30:00,20,1,,,1
3,iCore,346,Fertilizer 2022 [Table B],4,2022-11-07T12:25:17,2022-12-13T11:52:53,3:50:00,4:30:00,30,1,,,1
3,iCore,345,Raz flood treat tomatos [Table H],4,2022-11-03T15:43:45,2023-01-09T10:19:12,6:00:00,4:30:00,20,1,,,1
3,iCore,344,Hoof - spider irrigation,4,2022-11-10T12:17:51,2022-12-29T16:52:24,22:00:00,4:30:00,20,1,,,1
3,iCore,343,Fresh weight ICL CO2 Sep22 [Table J],4,2022-10-02T11:11:34,2022-10-03T09:26:30,3:50:00,4:30:00,20,1,Dor,,1
3,iCore,342,Nir - Multiple Pan[Sep22],4,2022-09-25T10:59:16,2022-11-22T10:12:38,3:50:00,4:30:00,20,1,,,1
3,iCore,341,side nursing,4,2022-09-22T10:21:28,2022-11-21T12:49:52,22:00:00,4:30:00,20,1,,,1
3,iCore,340,Bnaya Sep22[Table-L],4,2022-09-18T13:45:17,2022-11-02T09:24:39,2:50:00,4:30:00,20,1,,,1
3,iCore,339,Maria LEi drought stress Spetember 22 [Table B],4,2022-09-15T11:55:01,2022-10-16T08:06:38,3:50:00,4:30:00,20,1,,,1
3,iCore,338,ICL CO2 Sep22 [Table J],4,2022-08-28T10:39:50,2022-10-02T11:05:02,3:50:00,4:30:00,20,1,Dor,,1
3,iCore,337,Danja Tobbaco Aug 22 [Table K],4,2022-08-22T17:11:18,2022-09-28T10:44:38,3:50:00,4:30:00,20,1,,,1
3,iCore,336,Yossi Cypress Aug22 [Table C],4,2022-08-17T12:00:20,2022-11-01T12:19:12,3:50:00,4:30:00,20,1,None,None,1
3,iCore,335,Bnaya Aug22[Table K],4,2022-08-14T12:26:47,2022-08-16T10:52:02,3:50:00,4:30:00,20,1,,,1
3,iCore,334,Raz flood treat [Table H],4,2022-08-07T09:36:13,2022-10-23T15:54:24,22:00:00,4:30:00,20,1,,,1
3,iCore,333,Nir Net_Rad Aug22[Table C],4,2022-08-02T16:07:15,2022-11-02T08:42:00,3:50:00,4:30:00,20,1,,,1
3,iCore,332,Nir Multi-Penman Aug22[Table L],4,2022-07-31T16:50:10,2022-09-22T17:45:57,3:50:00,4:30:00,20,1,,,1
3,iCore,331,Menachem Tomato trellising+Ohad vine,4,2022-07-14T15:58:30,2023-09-10T12:11:17,3:50:00,4:30:00,20,1,,,1
3,iCore,330,Nir Light_Calibration June22[TableC]],4,2022-06-20T14:34:43,2022-11-10T10:48:40,3:50:00,4:30:00,20,1,,,1
3,iCore,329,Raz Hydrophonic [Table H],4,2022-06-21T14:50:53,2022-08-04T11:19:22,22:00:00,4:30:00,20,1,,,1
3,iCore,328,Muluken Teff [TableB],4,2022-06-20T09:54:39,2022-08-03T10:42:56,3:50:00,4:30:00,30,1,None,None,1
3,iCore,327,Muluken Teff [Table I],4,2022-06-16T13:46:19,2022-06-19T12:23:51,3:50:00,4:30:00,20,1,,,1
3,iCore,326,ICL CO2 June22 [Table J],4,2022-06-13T15:48:35,2022-07-18T11:43:52,3:50:00,4:30:00,20,1,dor,,1
3,iCore,325,CRF 2  ICL May22 [ Table K ],4,2022-05-11T16:27:54,2022-08-04T15:38:03,3:50:00,4:30:00,20,1,,,1
3,iCore,324,hydroponic RAZ,4,2022-05-10T11:12:30,2022-06-21T14:49:12,3:50:00,4:30:00,20,1,,,1
3,iCore,323,Bnaya SP-humidity April2022[Table C],4,2022-04-26T16:38:10,2022-05-10T12:58:26,3:50:00,4:30:00,20,1,,,1
3,iCore,322,Tobacco ICL April22 [Table B],4,2022-04-20T11:58:31,2022-06-01T09:53:07,3:50:00,4:30:00,20,1,,,1
3,iCore,321,Enviromental experiment,2,2022-03-28T11:45:11,,22:00:00,4:30:00,20,1,,,1
3,iCore,320,Return of the Brussle [Table D],4,2022-03-25T14:18:30,2022-05-07T17:49:53,3:50:00,4:30:00,20,1,,,1
3,iCore,319,Nir Multi-Penman March22[Table L],4,2022-03-21T12:50:32,2022-07-14T15:52:10,3:50:00,4:30:00,20,1,,,1
3,iCore,318,Limagrin Tomato March22 [Table K],4,2022-03-16T10:20:05,2022-04-21T11:48:30,3:50:00,4:30:00,20,1,,,1
3,iCore,317,Dor drippers March22 [Table H],4,2022-03-06T15:16:47,2022-08-10T16:33:33,3:50:00,4:30:00,20,1,,,1
3,iCore,316,Marina & Paula Potato's [Table B+H],4,2022-02-28T14:21:40,2022-04-04T10:10:09,3:50:00,4:30:00,20,1,,,1
3,iCore,315,Potato,4,2022-02-28T11:04:16,2022-02-28T14:20:38,3:50:00,4:30:00,20,1,,,1
3,iCore,314,Marina potato's [Table B+H],1,,,22:00:00,4:30:00,20,1,,,1
3,iCore,313,"Ahan Chikpea [Table C,IJ]",4,2022-02-24T10:31:44,2022-04-08T13:14:24,3:50:00,4:30:00,20,1,,,1
3,iCore,312,Ohad veggies,4,2022-02-21T16:00:21,2022-03-24T12:43:00,3:50:00,4:30:00,20,1,,,1
3,iCore,311,Vero Klansmann calibration,4,2022-02-08T13:20:21,2022-02-28T10:00:49,3:50:00,4:30:00,20,1,,,1
3,iCore,310,Growth new,2,2022-02-07T16:15:06,,3:50:00,4:30:00,20,1,Itamar Shenhar,,1
3,iCore,309,Jerry(Rubber) Feb21 [Table B],4,2022-02-07T13:03:20,2022-02-13T12:34:47,3:50:00,4:30:00,20,1,,,1
3,iCore,308,"Adi & Vero arabidopsis [Table B,H,K]",4,2021-12-25T13:18:00,2022-02-06T08:18:00,3:50:00,4:30:00,20,1,None,None,1
3,iCore,307,Vero Arabidopsis [Table B+H],4,2021-12-13T15:01:24,2021-12-20T13:15:30,22:00:00,4:30:00,20,1,None,None,1
3,iCore,306,Adi arabidopsis 2022 [Table K],4,2021-12-12T12:53:07,2021-12-20T13:08:00,22:00:00,4:30:00,20,1,,,1
3,iCore,305,Barley 12.12.21,4,2021-12-25T00:00:00,2022-02-15T23:59:00,3:50:00,4:30:00,20,1,None,None,1
3,iCore,304,weight check table K,4,2021-11-08T14:51:40,2021-12-08T10:50:21,3:50:00,4:30:00,20,1,,,1
3,iCore,303,Pine check [Table D],4,2021-11-08T13:50:47,2021-11-17T11:00:44,3:50:00,4:30:00,20,1,,,1
3,iCore,302,ICL OXY 23.9.21,4,2021-09-23T11:26:14,2021-11-04T11:45:35,3:50:00,4:30:00,20,1,DOR,,1
3,iCore,301,Medium experiment 2 Table H,4,2021-09-22T14:21:26,2021-12-01T10:01:06,3:50:00,4:30:00,20,1,,,1
3,iCore,300,OXY CHECK K,4,2021-09-19T13:06:18,2021-09-19T13:57:18,3:50:00,4:30:00,20,1,,,1
3,iCore,299,Cleaning Table H,4,2021-09-19T11:31:49,2021-09-22T14:19:51,22:00:00,4:30:00,20,1,,,1
3,iCore,298,Amir Lettuce Irrigation Sept.21,4,2021-09-15T17:56:35,2021-10-25T08:37:22,6:00:00,4:30:00,20,1,Amir Mayo,,1
3,iCore,297,"pepper[Aug 21],AgriAuji,Icore[Plastic]",4,2021-08-09T12:24:08,2022-03-20T12:25:40,3:50:00,4:30:00,20,1,,,1
3,iCore,296,Nir Big lysimeter Aug21[Table L],4,2021-08-08T17:30:27,2021-08-09T08:48:54,3:50:00,4:30:00,20,1,,,1
3,iCore,295,ICL UREA 1.8.21,4,2021-08-01T08:26:07,2021-09-14T12:49:37,3:50:00,4:30:00,20,1,,,1
3,iCore,294,Sanbon IL's July21 [Table H],4,2021-07-23T16:27:55,2021-08-17T13:22:12,3:50:00,4:30:00,20,1,,,1
3,iCore,293,Ramon M82,4,2021-07-12T22:09:42,2021-09-23T16:09:38,22:00:00,4:30:00,20,1,,,1
3,iCore,292,clay check 12.7.21,4,2021-07-12T12:00:56,2021-09-19T11:23:26,3:50:00,4:30:00,20,1,Yuval Ido,,1
3,iCore,291,clay check 7.7.21,4,2021-07-07T14:43:23,2021-07-12T11:59:48,3:50:00,4:30:00,20,1,Yuval Ido,,1
3,iCore,290,Nir Big lysimeter Jun21[Table L],4,2021-06-21T14:44:25,2021-08-03T10:49:50,3:50:00,4:30:00,20,1,,,1
3,iCore,289,Drought senarios 2nd,4,2021-06-09T18:51:15,2021-07-27T19:52:54,3:50:00,4:30:00,20,1,Amir Mayo,,1
3,iCore,288,Ramon Tomato's June 21 [Table B],4,2021-06-02T09:01:48,2021-07-10T15:48:15,3:50:00,4:30:00,20,1,,,1
3,iCore,287,CIL CO 28.5.21,4,2021-05-28T12:55:07,2021-07-19T14:40:22,3:50:00,4:30:00,20,1,,,1
3,iCore,286,CIL 28.5.21,4,2021-05-27T18:17:06,2021-05-28T12:31:54,3:50:00,4:30:00,20,1,,,1
3,iCore,285,CIL 27.5.21,4,2021-05-27T18:06:06,2021-05-27T18:06:54,3:50:00,4:30:00,20,1,,,1
3,iCore,284,Autonomous Pivot 24.05.21,4,2021-05-24T15:18:02,2021-11-15T10:33:22,22:00:00,4:30:00,20,1,,,1
3,iCore,283,Nir Multi-Penman May2021[Table C],4,2021-05-06T12:31:18,2021-12-08T09:10:22,3:50:00,4:30:00,20,1,,,1
3,iCore,282,Amir_ILs_May2021,4,2021-05-10T01:34:31,2021-06-08T10:14:36,3:50:00,4:30:00,20,1,Amir Mayo,,1
3,iCore,281,hazera 22.04.21,4,2021-05-03T00:22:30,2021-05-29T12:07:00,3:50:00,4:30:00,20,1,dor,,1
3,iCore,280,Assaf melons April21 [Table B+H],4,2021-04-19T10:46:18,2021-05-23T01:57:46,3:50:00,4:30:00,20,1,,,1
3,iCore,279,Ramon Tomato's April 21 [Table D],4,2021-04-14T10:31:46,2021-05-05T09:58:40,3:50:00,4:30:00,20,1,Ramon,,1
3,iCore,278,Rena's Tomato's April 21 [Table C],4,2021-04-14T10:13:46,2021-05-02T11:51:10,3:50:00,4:30:00,20,1,Moshik,,1
3,iCore,277,Drought scenarios experiment [Table K],4,2021-04-14T00:41:00,2021-05-24T10:53:38,3:50:00,4:30:00,20,1,,,1
3,iCore,276,Ramon check [Table I],4,2021-03-25T09:56:30,2021-04-21T10:05:22,3:50:00,4:30:00,20,1,,,1
3,iCore,275,Amit koch tomato's [Table B+H],4,2021-03-22T10:25:56,2021-04-18T10:01:41,3:50:00,4:30:00,20,1,,,1
3,iCore,274,Nir Jerry March2021[Table J 5-16],4,2021-03-08T15:57:43,2021-03-15T16:08:21,22:00:00,4:30:00,20,1,,,1
3,iCore,273,Rena Tomato's [Table D],4,2021-03-04T12:28:12,2021-03-30T09:59:04,3:50:00,4:30:00,20,1,,,1
3,iCore,272,Nir Jerry Feb2021[Table I 10-18],4,2021-02-28T15:04:39,2021-03-08T09:52:07,22:00:00,4:30:00,20,1,,,1
3,iCore,271,CRF  ICL Table K ,4,2021-02-08T00:31:25,2021-04-01T11:04:18,22:00:00,4:30:00,15,1,,,1
3,iCore,270,Greenhouse monitoring 05.01.21,4,2021-01-05T11:34:09,2021-05-24T15:09:13,22:00:00,4:30:00,20,1,,,1
3,iCore,269,Adi Arabidopsis December 2020 Table B+H,4,2020-12-26T00:11:13,2021-02-03T11:36:21,3:50:00,4:30:00,20,1,,,1
3,iCore,268,Pelemix check,4,2020-12-22T16:42:02,2021-04-22T11:22:21,22:00:00,4:30:00,20,1,,,1
3,iCore,267,New Salicrop Almog Wheat,4,2020-12-18T00:40:05,2021-02-02T10:18:03,3:50:00,4:30:00,20,1,Almog Ozeri,,1
3,iCore,266,Salicrop Almog Wheat,4,2020-12-13T10:53:00,2020-12-15T14:40:01,3:50:00,4:30:00,20,1,Almog Ozeri,,1
3,iCore,265,Greenhouse fertilizer & wind 30.11.20,4,2020-11-30T15:12:16,2021-01-05T11:31:26,22:00:00,4:30:00,20,1,,,1
3,iCore,264,Nir Multi-Penman Nov20[Table C],4,2020-11-27T15:16:42,2021-04-08T12:03:41,3:50:00,4:30:00,20,1,,,1
3,iCore,263,copy of Adi pre-experiment,4,2020-11-09T11:23:27,2020-12-09T11:02:18,3:50:00,4:30:00,20,1,,,1
3,iCore,262,Adi pre-experiment,4,2020-11-08T14:43:52,2020-11-09T11:20:43,22:00:00,4:30:00,20,1,,,1
3,iCore,261,ICL Table K - test,4,2020-11-03T15:32:21,2021-02-02T11:30:47,22:00:00,4:30:00,15,1,,,1
3,iCore,260, table k test 02.11.20,4,2020-11-09T13:09:48,2021-02-02T11:31:20,22:00:00,4:30:00,15,1,,,1
3,iCore,259,Nir LightFlux 1.11.20 [Table C],4,2020-11-01T10:20:49,2020-11-24T12:29:09,22:00:00,4:30:00,20,1,,,1
3,iCore,258,Adi Melons Oct 20 [Table I],4,2020-10-22T09:49:43,2020-11-19T15:02:30,3:50:00,4:30:00,20,1,Adi glass,,1
3,iCore,257,Shahar Lettuce Table J Oct 2020,4,2020-10-22T00:01:47,2020-12-01T11:17:10,3:50:00,4:30:00,20,1,,,1
3,iCore,256,Pre Shahar Lettuce Table J Oct 2020,4,2020-10-16T10:40:38,2020-10-19T14:01:37,3:50:00,4:30:00,20,1,,,1
3,iCore,255,Ravi Bogale IL's oct 2020,4,2020-10-09T11:23:34,2020-11-15T12:57:04,3:50:00,4:30:00,20,1,,,1
3,iCore,254,Amir soil ref pots [Table I],4,2020-09-22T14:12:38,2020-10-22T09:49:37,6:00:00,4:30:00,20,1,,,1
3,iCore,253,CIL table k tomato 21.09.20,4,2020-09-23T00:31:56,2020-11-02T14:54:23,22:00:00,4:30:00,15,1,,,1
3,iCore,252,Plants Medium experiment's september 2020,4,2020-09-20T12:41:41,2020-10-09T10:38:42,3:50:00,4:30:00,20,1,Itamar,,1
3,iCore,251,"Hagai Tomato's Sep20 [Table B, 1-8]",4,2020-09-15T11:23:12,2020-10-11T18:26:26,3:50:00,4:30:00,20,1,Hagai,,1
3,iCore,250,Medium experiment's september 2020,4,2020-09-13T17:53:55,2020-09-20T12:41:18,3:50:00,4:30:00,20,1,Itamar,,1
3,iCore,249,Bioact Tomato&Pepper [Table C],4,2020-09-14T00:31:56,2020-10-19T15:12:59,6:00:00,4:30:00,20,1,Daniel Wurtzel,daniel.w@plant-ditech.com,1
3,iCore,248,Daniel W Tomato&Pepper pre [Table C],4,2020-09-10T12:36:06,2020-09-10T16:28:33,19:00:00,4:30:00,20,1,Daniel Wurtzel,,1
3,iCore,247,CIL  table k 10.09.20,4,2020-09-10T09:13:38,2020-09-20T12:56:05,22:00:00,4:30:00,15,1,,,1
3,iCore,246,Daniel W Test [Table C],4,2020-09-09T09:52:40,2020-09-10T12:35:56,3:50:00,4:30:00,20,1,Daniel Wurtzel,daniel.w@plant-ditech.com,1
3,iCore,245,copy of Noam Porus Ceramic Aug2020[Table C],4,2020-09-02T10:59:20,2020-09-09T09:52:29,3:50:00,4:30:00,20,1,,,1
3,iCore,244,Naomi Pines September2020 [Table B],4,2020-09-02T00:43:47,2020-10-17T10:03:56,3:50:00,4:30:00,20,1,,,1
3,iCore,243,Noam Porus Ceramic Aug2020[Table C],4,2020-08-27T13:09:10,2020-08-30T10:45:11,3:50:00,4:30:00,20,1,,,1
3,iCore,242,Salicrop Tomato's September 2020 [Table D],4,2020-08-27T10:13:55,2020-09-24T09:59:01,3:50:00,4:30:00,20,1,,,1
3,iCore,241,Naomi pine check,4,2020-08-26T16:18:26,2020-08-30T09:32:44,3:50:00,4:30:00,20,1,,,1
3,iCore,240,Weedout 16Aug2020 [Table H],4,2020-08-16T16:27:46,2020-10-05T10:24:55,3:50:00,4:30:00,20,1,Yuval Ido,,1
3,iCore,239,Nir Gishta Aug2020 [Table C],4,2020-08-10T12:35:32,2020-09-07T10:29:23,22:00:00,4:30:00,20,1,,,1
3,iCore,238,Adi Melons Aug2020 [Table I+C],4,2020-08-08T00:33:42,2020-09-01T10:54:56,3:50:00,4:30:00,20,1,,,1
3,iCore,237,Weedout Aug2020 [Table H],4,2020-08-04T12:14:36,2020-08-16T16:27:24,3:50:00,4:30:00,20,1,Yuval Ido,,1
3,iCore,236,CIL  table k 03.08.20,4,2020-08-03T07:35:26,2020-09-10T09:13:31,22:00:00,4:30:00,15,1,,,1
3,iCore,235, K table test 2,4,2020-07-29T14:04:48,2020-08-03T07:11:04,22:00:00,4:30:00,20,1,,,1
3,iCore,234,CIL  table k 01.08.20,4,2020-08-03T07:12:22,2020-08-03T07:35:17,22:00:00,4:30:00,15,1,,,1
3,iCore,233,Hagai Tomato's 27/08/20 [Table B],4,2020-07-27T10:10:36,2020-08-25T09:17:29,3:50:00,4:30:00,20,1,Hagai Shohat (Dudu Weiss),,1
3,iCore,232,Salicrop peppers july 2020  [Table D],4,2020-07-21T11:49:23,2020-08-26T09:58:24,3:50:00,4:30:00,20,1,Almog Ozeri,,1
3,iCore,231,Daphi Acacia July 2020  [Table J],4,2020-07-22T11:07:25,2020-09-08T16:43:34,3:50:00,4:30:00,20,1,Daphna Uni,,1
3,iCore,230,Weedout July2020 [Table H],4,2020-07-15T11:15:02,2020-07-21T13:27:43,3:50:00,4:30:00,20,1,Yuval Ido,,1
3,iCore,229,Ravi & Bogale tomato's IL's Table C+H,4,2020-06-21T16:35:00,2020-07-11T11:31:38,3:50:00,4:30:00,20,1,,,1
3,iCore,228,Quinoa table k 21.06.20,4,2020-06-21T15:09:50,2020-07-27T12:27:09,22:00:00,4:30:00,15,1,,,1
3,iCore,227,"Lena tomato's 14.06.20 [Table B, Full]",4,2020-06-14T10:53:46,2020-07-13T14:51:05,3:50:00,4:30:00,20,1,Lena,,1
3,iCore,226,"Riverside tomato's 14.06.20 [Table I, 13-18]",4,2020-06-14T10:49:37,2020-07-13T14:51:13,3:50:00,4:30:00,20,1,Lena,,1
3,iCore,225,"Adi melon's 14.06.20 [Table I, 1-10] ",4,2020-06-14T10:38:54,2020-07-10T10:44:27,3:50:00,4:30:00,20,1,Adi,,1
3,iCore,224,New K table test,4,2020-06-11T10:20:52,2020-06-21T15:09:46,22:00:00,4:30:00,20,1,,,1
3,iCore,223,Jerry Table I,4,2020-06-01T12:58:48,2020-06-08T12:57:51,22:00:00,4:30:00,20,1,,,1
3,iCore,222,Weedout Table H [14-18],4,2020-05-17T15:47:35,2020-06-17T10:18:51,3:50:00,4:30:00,20,1,Yuval Kadan,,1
3,iCore,221,Felix salinity Table H [1-8],4,2020-05-17T15:47:45,2020-06-19T10:02:41,3:50:00,4:30:00,20,1,Felix (Ronny Wallach lab),,1
3,iCore,220,Nadav Table J 17.05.20,4,2020-05-17T08:52:28,2020-07-14T12:20:28,3:50:00,4:30:00,20,1,Nadav Haish,,1
3,iCore,219,Nadav Table D 17.05.20,4,2020-05-17T08:52:04,2020-07-16T10:16:21,3:50:00,4:30:00,20,1,Nadav Haish,,1
3,iCore,218,Table B check,4,2020-05-10T14:38:06,,22:00:00,4:30:00,20,1,,,1
3,iCore,217,Quinoa Menachem Table B May 20,4,2020-05-16T01:43:47,2020-06-04T11:10:46,3:50:00,4:30:00,20,1,Menachem Moshelion,,1
3,iCore,216,Nadav Table D 17.05.20,4,2020-05-14T08:38:52,,3:50:00,4:30:00,20,1,Nadav,,1
3,iCore,215,Nadav Table J 17.05.20,4,2020-05-14T08:38:17,,3:50:00,4:30:00,20,1,Nadav Haish,,1
3,iCore,214,Hazera Table C 10.05.20,4,2020-05-11T01:51:02,2020-06-05T23:59:00,3:50:00,4:30:00,20,1,Nadav Haish,,1
3,iCore,213,Salt pump or,4,2020-04-06T12:02:04,2020-05-05T11:42:26,22:00:00,4:30:00,20,1,Or Litig,,1
3,iCore,212,Bogale & Ravi Tomato's April 2020,4,2020-04-10T00:15:52,2020-05-09T09:58:31,3:50:00,4:30:00,20,1,Ravi & Bogale	,,1
3,iCore,211,CIL surfectant 01.04.20,4,2020-04-02T00:19:04,2020-05-11T16:18:33,3:50:00,4:30:00,20,1,Nadav Haish,,1
3,iCore,210,Or Tomato's April2020,4,2020-03-29T16:55:32,2020-05-05T11:42:18,3:50:00,4:30:00,20,1,Or Litig,,1
3,iCore,209,Growth,4,2020-03-29T16:54:19,2022-02-07T15:52:46,3:50:00,4:30:00,20,1,Itamar Shenhar,,1
3,iCore,208,Boaz Nigen Tobacco April2020,4,2020-03-29T16:54:22,2020-05-05T11:42:10,3:50:00,4:30:00,20,1,Boaz Nigen,,1
3,iCore,207,Or Tomato's April 2020,4,2020-03-29T16:32:12,2020-03-29T16:36:52,3:50:00,4:30:00,20,1,Or Litig,,1
3,iCore,206,Boaz Tobbaco April 2020,4,2020-03-26T12:25:58,,3:50:00,4:30:00,20,1,Boaz Nigen,,1
3,iCore,205,CIL surfactant 01.04.20,4,2020-03-25T14:07:04,,3:50:00,4:30:00,20,1,nadav haish,,1
3,iCore,204,Yarbuz check,4,2020-03-08T10:38:27,2020-03-26T16:45:33,22:00:00,4:30:00,20,1,,,1
3,iCore,203,Plantarray training,4,2020-03-02T11:20:16,2020-03-02T13:30:24,22:00:00,4:30:00,20,1,,,1
3,iCore,202,Yelena Tomato's March 20 Table B,4,2020-03-06T01:26:00,2020-04-10T11:00:00,3:50:00,5:00:00,20,1,,,1
3,iCore,201,Salt pump Zecharia 2020,4,2020-02-27T18:15:00,,22:00:00,4:30:00,20,1,,,1
3,iCore,200,H04d-I17d check,4,2020-02-11T15:05:12,2020-02-26T15:35:37,22:00:00,4:30:00,20,1,,,1
3,iCore,199,Zecharia Wheat February 2020,4,2020-02-02T19:29:37,2020-03-22T10:29:06,3:50:00,4:30:00,20,1,,,1
3,iCore,198,Or Hamra check,4,2020-01-22T19:30:33,2020-02-06T10:09:58,22:00:00,4:30:00,20,1,,,1
3,iCore,197,Tanmayee arabidopsis table J,4,2020-01-28T00:40:32,2020-03-24T13:48:17,3:50:00,4:30:00,20,1,,,1
3,iCore,196,Or Loamy soil check 2,4,2020-01-21T14:41:05,2020-01-22T17:27:22,20:00:00,4:30:00,20,1,,,1
3,iCore,195,Or Loamy soil check,4,2020-01-20T14:09:40,2020-01-21T14:38:56,20:00:00,4:30:00,20,1,,,1
3,iCore,194,Gilor Arabidopsis Table B January 2020,4,2020-01-19T10:05:41,2020-02-17T11:11:52,3:50:00,4:30:00,20,1,,,1
3,iCore,193,Salt pump Zecharia,4,2019-12-23T11:39:22,2020-01-22T10:00:17,22:00:00,4:30:00,20,1,,,1
3,iCore,192,Zecharia Wheat extra December 2019,4,2019-12-17T11:04:27,2020-01-22T10:00:11,3:50:00,4:30:00,20,1,,,1
3,iCore,191,Yael arabidopsis December 2019 (Table H),4,2019-12-09T15:49:20,2019-12-26T09:37:07,3:50:00,4:30:00,20,1,,,1
3,iCore,190,Purity Tomato's December 2019 (Table C),4,2019-12-19T01:09:01,2020-01-08T09:53:37,3:50:00,4:30:00,20,1,,,1
3,iCore,189,"Zecharia Wheat December 2019 (Tables C,D,I,J)",4,2019-12-10T00:02:50,2020-01-22T10:00:05,3:50:00,4:30:00,20,1,,,1
3,iCore,188,Sanbon arabidopsis December 2019 (Table B),4,2019-12-02T13:17:14,2020-01-16T10:55:28,3:50:00,4:30:00,20,1,,,1
3,iCore,187,Mediums experiment 5/11/19,4,2019-11-05T09:15:17,2019-12-19T09:57:37,3:50:00,4:30:00,20,1,Itamar,,1
3,iCore,186,Dafna Arabidopsis Table J [1a-8b],4,2019-10-30T14:15:22,2019-12-03T18:04:51,3:50:00,4:30:00,20,1,,,1
3,iCore,185,Gilor Tobbaco table I,4,2019-10-29T00:01:00,2019-11-28T10:13:16,3:50:00,4:30:00,20,1,Gilor Kelly,,1
3,iCore,184,New cover evaporation,4,2019-10-24T10:02:20,2019-12-04T10:02:45,3:50:00,4:30:00,20,1,,,1
3,iCore,183,CIL Spray Table C 23/10/19,4,2019-10-23T21:41:43,2019-11-29T14:51:57,3:50:00,4:30:00,20,1,,,1
3,iCore,182,Riverside+Itamar capsule,4,2019-10-23T13:53:31,2019-11-29T14:52:02,3:50:00,4:30:00,20,1,,,1
3,iCore,181,CIL Spray Table C 20/10/19,4,2019-10-20T14:30:07,2019-10-23T21:41:36,3:50:00,4:30:00,20,1,,,1
3,iCore,180,Mediums experiment 16/10/19,4,2019-10-16T17:10:28,2019-11-05T09:14:42,3:50:00,4:30:00,20,1,Itamar,,1
3,iCore,179,HAZERA 13.10.19,4,2019-10-23T01:39:03,2019-11-22T19:46:57,3:50:00,4:30:00,20,1,,,1
3,iCore,178,Mediums experiment_0,4,2019-10-10T11:36:36,2019-10-16T17:10:20,3:50:00,4:30:00,20,1,Itamar,,1
3,iCore,177,Pre-mediums evaporation,4,2019-10-07T17:47:32,2019-10-10T11:33:26,22:00:00,4:30:00,20,1,Itamar,,1
3,iCore,176,Hydrophonic game new,4,2019-09-20T11:58:09,2019-11-13T15:36:38,3:50:00,4:30:00,20,1,,,1
3,iCore,175,Hydrophonic game,4,2019-09-16T14:28:53,2019-09-20T11:57:43,3:50:00,4:30:00,20,1,,,1
3,iCore,174,Syngenta table D soy 05.09.19,4,2019-09-05T18:42:02,2019-10-03T15:16:52,3:50:00,4:30:00,20,1,,,1
3,iCore,173,Syngenta table D soy 01.09.19,4,2019-09-01T11:30:23,2019-09-05T18:41:54,3:50:00,4:30:00,20,1,,,1
3,iCore,172,Syngenta table J corn 01.09.19,4,2019-09-01T11:29:39,2019-10-03T15:17:00,3:50:00,4:30:00,20,1,nadav haish,,1
3,iCore,171,Sanbon IL September 2019,4,2019-08-29T16:21:25,2019-10-02T09:27:55,3:50:00,4:30:00,20,1,,,1
3,iCore,170,copy of Sanbon IL September 2019,4,2019-08-29T16:17:11,2019-08-29T16:20:20,22:00:00,4:30:00,20,1,,,1
3,iCore,169,Dana Tomato's September 2019,4,2019-08-29T10:37:47,2019-09-26T12:30:36,22:00:00,4:30:00,20,1,,,1
3,iCore,168,Sanbon IL September 2019_1,4,2019-08-27T11:46:05,2019-08-29T16:16:46,22:00:00,4:30:00,20,1,,,1
3,iCore,167,Sanbon IL September 2019_0,4,2019-08-26T14:29:05,2019-08-27T11:46:02,22:00:00,4:30:00,20,1,,,1
3,iCore,166,Dana Tomato's September 2019_0,4,2019-08-19T10:03:38,,22:00:00,4:30:00,20,1,,,1
3,iCore,165,Syngenta table D soy 18.08.19,4,2019-08-26T09:42:10,2019-09-01T11:29:32,3:50:00,4:30:00,20,1,,,1
3,iCore,164,Syngenta table J corn 18.08.19,4,2019-08-26T09:41:26,2019-09-01T11:29:26,3:50:00,4:30:00,20,1,nadav haish,,1
3,iCore,163,Salicrop- Salinity 2,4,2019-08-05T23:44:13,2019-09-24T18:59:32,3:50:00,4:30:00,20,1,,,1
3,iCore,162,Salicrop- Salinity,4,2019-07-28T20:02:03,2019-08-05T23:43:35,3:50:00,4:30:00,20,1,,,1
3,iCore,161,NADAV table D 25.07.19,4,2019-07-25T09:34:04,2019-08-21T10:00:38,3:50:00,4:30:00,20,1,nadav haish,,1
3,iCore,160,NADAV table j 25.07.19,4,2019-07-25T09:32:30,2019-08-21T10:00:35,3:50:00,4:30:00,20,1,nadav haish,,1
3,iCore,159,Itamar slow release,4,2019-07-23T20:00:21,,22:00:00,4:30:00,20,1,,,1
3,iCore,158,Itamar salinity check,4,2019-07-21T13:20:03,2019-07-21T17:03:12,22:00:00,4:30:00,20,1,,,1
3,iCore,157,Ahan&Nir Setaria,4,2019-07-21T10:49:02,2019-08-25T08:44:51,3:50:00,4:30:00,20,1,,,1
3,iCore,156,Sanbon IL July 2019,4,2019-07-18T12:07:41,2019-08-22T12:58:28,3:50:00,4:30:00,20,1,,,1
3,iCore,155,Table B Biosound 2nd,4,2019-07-18T11:53:28,2019-07-21T10:48:59,22:00:00,4:30:00,20,1,,,1
3,iCore,154,Netanela Table B,4,2019-07-22T01:52:30,2019-08-19T10:38:36,3:50:00,4:30:00,20,1,,,1
3,iCore,153,Table B Biosound 1st,4,2019-07-18T09:24:46,2019-07-18T11:46:00,22:00:00,4:30:00,20,1,,,1
3,iCore,152,Table H Biosound,4,2019-07-18T07:53:06,2019-07-18T09:22:44,22:00:00,4:30:00,20,1,,,1
3,iCore,151,NADAV table D 16.07.19,4,2019-07-17T15:45:56,2019-07-25T09:32:25,3:50:00,4:30:00,20,1,,,1
3,iCore,150,NADAV table j 16.07.19,4,2019-07-16T16:04:40,2019-07-25T09:32:21,3:50:00,4:30:00,20,1,nadav haish,,1
3,iCore,149,Nursery_0,4,2019-06-24T16:40:12,2019-06-27T09:57:44,22:00:00,4:30:00,20,1,,,1
3,iCore,148,Koulinite clay check,4,2019-06-18T17:20:37,2019-07-14T15:18:36,3:50:00,4:30:00,20,1,,,1
3,iCore,147,Sanbon Phytochromes June,4,2019-06-17T09:05:01,2019-07-17T08:14:48,3:50:00,4:30:00,20,1,,,1
3,iCore,146,Pump B status,4,2019-06-13T15:53:25,,22:00:00,4:30:00,20,1,,,1
3,iCore,145,Pump A status,4,2019-06-13T15:52:32,,22:00:00,4:30:00,20,1,,,1
3,iCore,144,Hydroton Tomato,4,2019-06-15T13:45:35,2019-06-18T17:20:09,3:50:00,4:30:00,20,1,,,1
3,iCore,143,Salicrop,4,2019-06-13T15:47:20,2019-07-28T20:01:42,3:50:00,4:30:00,20,1,,,1
3,iCore,142,Giora Olives,4,2019-06-13T15:42:18,2019-07-14T10:39:56,3:50:00,4:30:00,20,1,,,1
3,iCore,141,shahar table j 14.06.19,4,2019-06-13T11:57:28,2019-07-11T08:23:04,3:50:00,4:30:00,20,1,nadav haish,,1
3,iCore,140,Growth_0,4,2019-06-13T11:32:17,2019-07-23T20:00:17,22:00:00,4:30:00,20,1,,,1
3,iCore,139,shahar table j 12.06.19,4,2019-06-11T10:48:43,2019-06-13T10:48:45,22:00:00,4:30:00,20,1,nadav haish,,1
3,iCore,138,copy of Medium 2 experiment,4,2019-05-26T16:10:40,2019-06-12T15:18:06,22:00:00,4:30:00,20,1,,,1
3,iCore,137,Medium 2 experiment,4,2019-05-26T15:27:15,2019-05-26T16:10:09,22:00:00,4:30:00,20,1,,,1
3,iCore,136,Wick experiment,4,2019-05-15T18:23:59,2019-05-16T13:56:17,22:00:00,4:30:00,20,1,,,1
3,iCore,135,Sanbon tomatos May 2019,4,2019-05-13T13:46:48,2019-06-11T10:48:17,3:50:00,4:30:00,20,1,Sanbon,,1
3,iCore,134,Nir Sade & Yarden Zeron Wheat3,4,2019-05-06T12:46:36,2019-06-10T12:58:17,3:50:00,4:30:00,20,1,Yarden Zeron,,1
3,iCore,133,Nir Sade & Yarden Zeron Wheat2,4,2019-05-06T11:49:02,2019-06-06T17:09:26,3:50:00,4:30:00,20,1,Yarden Zeron,,1
3,iCore,132,Wheat 2,4,2019-05-06T11:11:39,2019-05-06T11:41:05,22:00:00,4:30:00,20,1,,,1
3,iCore,131,Nir Sade & Yarden Zeron Wheat1,4,2019-05-06T11:10:27,2019-06-06T17:09:22,3:50:00,4:30:00,20,1,Yarden Zeron,,1
3,iCore,130,Mineral wool CHECK,4,2019-04-29T13:04:02,2019-05-09T12:45:04,22:00:00,4:30:00,20,1,Itamar,,1
3,iCore,129,Hydroton CHECK,4,2019-04-28T13:58:10,2019-06-13T10:48:56,22:00:00,4:00:00,20,1,Itamar,,1
3,iCore,128,Sanbon Tomato Phtocrome,4,2019-04-28T11:06:17,2019-06-06T17:09:35,3:50:00,4:30:00,20,1,Sanbon Gose,,1
3,iCore,127,Mediums experiment,4,2019-04-18T18:17:04,2019-05-09T14:29:25,3:50:00,4:30:00,20,1,,,1
3,iCore,126,Salicrop Rice,4,2019-04-16T10:19:19,2019-06-13T10:49:03,3:50:00,4:30:00,20,1,Dotan Burstein & Eli Vered,,1
3,iCore,125,Pump B Status (Running),4,2019-04-07T17:02:38,2019-06-13T10:49:06,22:00:00,4:30:00,20,1,,,1
3,iCore,124,Main pump (A) status (Running),4,2019-04-01T14:06:10,2019-06-13T10:49:09,22:00:00,4:30:00,20,1,,,1
3,iCore,123,Pulse Check,4,2019-04-01T12:44:25,,22:00:00,4:30:00,20,1,,,1
3,iCore,122,NADAV  TABLE D + J  31.03.19,4,2019-03-31T12:29:26,2019-05-06T11:10:18,22:00:00,4:30:00,20,1,nadav haish,,1
3,iCore,121,Table L Noise Check_1,4,2019-03-26T16:55:15,2019-06-13T10:49:15,4:00:00,4:30:00,20,1,,,1
3,iCore,120,Table F Noise Check_0,4,2019-03-25T11:16:20,2019-04-16T10:19:03,22:00:00,4:30:00,20,1,,,1
3,iCore,119,Tania & Chao Salinity tomato's,4,2019-03-20T14:14:55,2019-05-03T13:16:49,3:50:00,4:30:00,20,1,,,1
3,iCore,118,NADAV  TABLE D + J  19.03.19,4,2019-03-19T10:42:12,2019-03-31T12:29:23,22:00:00,4:30:00,20,1,,,1
3,iCore,117,TABLE D  PUMP A  TEST 18.03.19 NEW,4,2019-03-18T14:04:43,2019-03-19T10:42:01,22:00:00,4:30:00,20,1,,,1
3,iCore,116,TABLE D  PUMP A  TEST 18.03.19,4,2019-03-18T10:43:08,2019-03-18T14:03:31,22:00:00,4:30:00,20,1,,,1
3,iCore,115,TABLE D  PUMP A and (17a-18d)  TEST 13.03.19,4,2019-03-17T13:37:29,2019-03-18T10:33:56,22:00:00,4:30:00,20,1,,,1
3,iCore,114,TABLE D  PUMP A and (17a-18d)  TEST 13.03.19_0,4,2019-03-17T13:12:54,,22:00:00,4:30:00,20,1,,,1
3,iCore,113,TABLE D  PUMP A  TEST 17.03.19,4,,,22:00:00,4:30:00,20,1,,,1
3,iCore,112,TABLE J PUMP A+B TEST 17.03.191,4,2019-03-17T10:33:44,2019-03-19T10:42:06,22:00:00,4:30:00,20,1,,,1
3,iCore,111,TABLE J PUMP A+B TEST 17.03.19,4,2019-03-17T10:23:04,2019-03-17T10:23:47,22:00:00,4:30:00,20,1,,,1
3,iCore,110,TABLE D  PUMP A  TEST 13.03.19,4,2019-03-13T10:51:29,2019-03-17T13:11:40,22:00:00,4:30:00,20,1,,,1
3,iCore,109,TABLE J PUMP A+B TEST 12.03.19,4,2019-03-12T14:46:36,2019-03-17T10:12:47,22:00:00,4:30:00,20,1,,,1
3,iCore,108,Lior Tomato's1,4,2019-03-07T12:04:42,2019-04-21T10:51:47,3:50:00,4:30:00,20,1,Lior Richter,,1
3,iCore,107,Lior Tomato's,4,2019-03-07T11:13:50,2019-03-07T12:01:33,3:50:00,4:30:00,20,1,Lior Richter,,1
3,iCore,106,Leveling imporatance experiment,4,2019-02-28T16:00:43,2019-03-17T13:37:24,22:00:00,4:30:00,20,1,,,1
3,iCore,105,Table L [6-11] Noise check,4,2019-02-26T19:11:51,2019-03-26T16:55:11,22:00:00,4:30:00,20,1,,,1
3,iCore,104,Small sugar beet,4,2019-02-25T18:38:45,2019-03-13T17:58:33,3:50:00,4:30:00,20,1,,,1
3,iCore,103,Adi Yaaran - Tomato 21.02.19 new new,4,2019-02-21T10:33:48,2019-03-18T10:33:48,3:50:00,4:30:00,20,1,,,1
3,iCore,102,Adi Yaaran - Tomato 21.02.19 new,4,2019-02-21T09:50:32,2019-02-21T10:33:18,3:50:00,4:30:00,20,1,,,1
3,iCore,101,Adi Yaaran - Tomato 21.02.19,4,2019-02-21T09:38:50,2019-02-21T09:39:41,3:50:00,4:30:00,20,1,,,1
3,iCore,100,Adi Yaaran - Tomato,4,2019-02-21T09:19:48,2019-02-21T09:37:00,3:50:00,4:30:00,20,1,,,1
3,iCore,99,Itamar sugar beet,4,2019-02-18T16:05:05,2019-03-27T15:03:04,3:50:00,4:30:00,20,1,,,1
3,iCore,98,Itamar sugar beet0,4,2019-02-18T15:51:33,,22:00:00,4:30:00,20,1,,,1
3,iCore,97,Table D noise check,4,2019-02-15T16:56:28,2019-02-21T09:19:35,22:00:00,4:30:00,20,1,,,1
3,iCore,96,"Tanmayee & Nava arabidobsis[Table C, 1-9]",4,2019-02-14T17:02:30,2019-03-21T21:43:43,3:50:00,4:30:00,20,1,,,1
3,iCore,95,copy of Table C noise check,4,2019-02-14T16:48:08,2019-02-14T16:48:19,22:00:00,4:30:00,20,1,,,1
3,iCore,94,"Simple protocol Check [a,b-preplant;c,d-proplant]",4,2019-02-13T12:24:59,2019-02-24T16:31:06,4:00:00,4:30:00,20,1,,,1
3,iCore,93,Table C noise check,4,2019-02-05T14:36:04,2019-02-14T16:45:17,22:00:00,4:30:00,20,1,,,1
3,iCore,92,copy of TABLE J PUMP B TEST,4,2019-02-05T11:20:17,2019-03-12T14:37:07,22:00:00,4:30:00,20,1,,,1
3,iCore,91,Dana tubes [Table L],4,2019-01-31T10:16:26,2019-03-26T10:40:15,4:00:00,4:30:00,20,1,,,1
3,iCore,90,TABLE J PUMP B TEST,4,2019-01-21T15:17:28,2019-01-28T12:44:45,22:00:00,4:30:00,20,1,,,1
3,iCore,89,Yael & Sanbon Phot,4,2019-01-28T10:37:49,2019-03-14T11:43:31,3:50:00,4:30:00,20,1,Yael & Sanbon,,1
3,iCore,88,Yuri- Arabidobsis,4,2019-01-14T15:47:45,2019-03-08T15:14:19,3:50:00,4:30:00,20,1,Yuri,,1
3,iCore,87,Alon - Soil-plant relations [Running],4,2019-01-13T18:55:31,2019-02-21T14:56:13,4:00:00,4:30:00,20,1,Alon,,1
3,iCore,86,Boaz Nigen 2 - Tobbaco [Running],4,2019-01-13T15:35:07,2019-02-20T14:12:36,3:50:00,4:30:00,20,1,,,1
3,iCore,85,Alon - Soil-plant relations,4,2019-01-03T13:54:49,2019-01-13T18:53:22,4:00:00,4:30:00,20,1,Alon,,1
3,iCore,84,Pump B Status,4,2019-01-02T12:51:09,2019-04-07T17:02:33,22:00:00,4:30:00,20,1,,,1
3,iCore,83,Harel Bacher (Experiment)  - Wheat,4,2019-01-01T18:59:03,2019-02-10T11:43:27,3:50:00,4:30:00,20,1,Harel Bacher -  Tzvika Peleg,,1
3,iCore,82,Table L 2 [1-5],4,2019-01-01T11:43:01,2019-01-31T10:16:01,4:00:00,4:30:00,20,1,,,1
3,iCore,81,Nursery new,4,2018-12-31T15:46:31,2019-06-13T10:49:28,22:00:00,4:30:00,20,1,,,1
3,iCore,80,Growth Table,4,2019-01-20T10:56:10,2019-06-13T10:49:32,22:00:00,4:30:00,20,1,,,1
3,iCore,79,Perlite & Vermicolite CHECK,4,2018-12-31T15:44:02,2019-02-13T12:18:03,4:00:00,4:30:00,20,1,,,1
3,iCore,78,Barely Blue Covers,4,2019-06-13T10:49:43,2019-06-13T10:49:57,22:00:00,4:30:00,20,1,,,1
3,iCore,77,Boaz Nigen 2 - Tobbaco,4,2018-12-31T15:35:17,2019-01-13T15:35:04,3:50:00,4:30:00,20,1,,,1
3,iCore,76,Harel Bacher 2  - Wheat,4,2018-12-31T15:34:55,2019-01-01T18:58:59,3:50:00,4:30:00,20,1,Harel Bacher -  Tzvika Peleg,,1
3,iCore,75,Adi Yaaran - Arabidobsis,4,2018-12-31T15:06:59,2019-02-20T08:38:12,3:50:00,4:30:00,20,1,Adi Yaaran- Menachem lab,,1
3,iCore,74,Adi - Arabidobsis,4,2018-12-30T15:45:37,2018-12-31T14:07:59,3:50:00,4:30:00,20,1,Adi,,1
3,iCore,73,Adi - Arabidobsis0,4,,,3:50:00,4:30:00,20,1,Tania & Chao,,1
3,iCore,72,"Boaz Negin Tobbaco [Table I, 1-10]",4,2018-12-27T12:05:54,2018-12-31T14:07:40,4:00:00,4:30:00,20,1,Boaz Negin,,1
3,iCore,71,Table L Noise Check,4,2018-12-25T11:08:16,2018-12-31T14:07:16,22:00:00,4:30:00,20,1,,,1
3,iCore,70,copy of Harel Bachar Wheat,4,2018-12-23T09:45:00,2018-12-31T14:06:12,22:00:00,4:30:00,20,1,Prof. David Levy & Prof. Haim Rabinovitz,,1
3,iCore,69,copy of Cover test,4,2018-12-19T11:32:44,2018-12-31T14:06:34,22:00:00,4:30:00,20,1,,,1
3,iCore,68,Harel Bachar Wheat,4,2018-12-18T14:12:57,2018-12-23T09:41:36,22:00:00,4:30:00,20,1,Prof. David Levy & Prof. Haim Rabinovitz,,1
3,iCore,67,Mediums check [Table B 16-18],4,2018-12-13T12:44:12,2018-12-31T14:05:21,4:00:00,4:30:00,20,1,Itamar,,1
3,iCore,66,table c dosotron cheke,4,2018-12-09T11:18:17,2018-12-31T14:05:33,22:00:00,4:30:00,20,1,,,1
3,iCore,65,"Free water covers check [Table B, 16a,17-18]",4,2018-12-04T20:41:06,2018-12-13T12:22:25,4:00:00,4:30:00,20,1,Itamar,,1
3,iCore,64,"Free water covers check [Table B, 16a,17-18][Stopped]",4,2018-12-03T14:00:59,2018-12-04T20:36:43,22:00:00,4:30:00,20,1,Sanbon Gose - Menachem's lab,,1
3,iCore,63,copy of nadav table c  test 22.8.18 (drought),4,2018-12-02T10:49:40,2018-12-09T11:15:50,22:00:00,4:30:00,20,1,,,1
3,iCore,62,"copy of copy of Levy & Rabinowitz EC Potato [Table H, 1-9]",4,2018-11-21T15:00:13,2018-11-21T15:45:06,22:00:00,4:30:00,20,1,Prof. David Levy & Prof. Haim Rabinovitz,,1
3,iCore,61,"copy of Levy & Rabinowitz EC Potato [Table H, 1-9]",4,2018-11-21T14:11:43,2018-11-21T14:59:59,22:00:00,4:30:00,20,1,Prof. David Levy & Prof. Haim Rabinovitz,,1
3,iCore,60,Cover test,4,2018-11-18T09:51:18,2018-12-18T14:12:01,22:00:00,4:30:00,20,1,,,1
3,iCore,59,"Maitry Paul Barely [Table J, 1-18][RUNNING]",4,2018-11-15T17:22:13,2018-12-30T17:04:31,4:00:00,4:30:00,20,1,Maitry,,1
3,iCore,58,"Maitry Paul Barely [Table J, 1-18][STOPPED2]",4,2018-11-14T17:26:11,2018-11-15T17:22:10,4:00:00,4:30:00,20,1,Maitry,,1
3,iCore,57,"Maitry Paul Barely [Table J, 1-18][STOPPED]",4,2018-11-07T14:15:25,2018-11-14T17:26:07,22:00:00,4:30:00,20,1,Netanela,,1
3,iCore,56,"copy of NOISE CHECK Table J [1a,3a]",4,2018-10-27T12:54:03,2018-11-04T17:14:33,22:00:00,4:30:00,20,1,Netanela,,1
3,iCore,55,"NOISE CHECK Table J [1a,3a]",4,2018-10-25T18:08:58,2018-10-26T13:07:45,22:00:00,4:30:00,20,1,Netanela,,1
3,iCore,54,PUMP B Status1,4,2018-10-22T17:52:37,2018-12-31T14:22:20,22:00:00,4:30:00,20,1,Itamar,,1
3,iCore,53,Itamar's Pepper meristem cut[RUNNING],4,2018-10-21T14:10:30,2018-12-18T14:12:53,4:00:00,4:30:00,20,1,Itamar,,1
3,iCore,52,"Itamar's drainage experiment  [Table H 10a-12c, RUNNING]",4,2018-10-21T14:02:20,2018-12-18T14:12:50,4:00:00,4:30:00,20,1,Itamar,,1
3,iCore,51,"CIL Spray [Table I, 1-18, RUNNING]",4,2018-10-21T13:56:26,2018-12-26T15:06:32,4:00:00,4:30:00,20,1,Menachem Moshelion,,1
3,iCore,50,"CIL Spray [Table I, 1-18, STOPPED]",4,2018-10-15T14:27:08,2018-10-21T13:56:19,4:00:00,4:30:00,20,1,Menachem Moshelion,,1
3,iCore,49,"Itamar's drainage experiment  [Table H 10a-12c,STOPPED]",4,2018-10-10T13:17:23,2018-10-21T14:02:15,5:00:00,4:30:00,20,1,Itamar,,1
3,iCore,47,PUMP B Status,4,2018-09-17T17:27:35,,22:00:00,4:30:00,20,1,Itamar,,1
3,iCore,46,Salinity check 20-28 ds/m,4,2018-09-17T17:14:11,2018-10-03T16:49:50,22:00:00,4:30:00,20,1,Itamar,,1
3,iCore,45,Salinity check experiment (Table H),4,2018-09-13T18:11:24,2018-09-17T17:05:46,22:00:00,4:30:00,20,1,,,1
3,iCore,44,Tania & Chao tomato (Live),4,2018-09-13T17:49:00,2018-10-21T16:55:56,3:50:00,4:30:00,20,1,Tania & Chao,,1
3,iCore,43,nadav table D salinity + table c drought 13.09.18,4,2018-09-13T12:28:33,2018-11-04T11:57:25,3:50:00,4:30:00,20,1,nadav haish - Menachem's lab,nadohaish@gmail.com,1
3,iCore,42,Tania tomato (Finished- Pre-experiment),4,2018-09-05T15:18:22,2018-09-13T17:48:43,3:50:00,4:30:00,20,1,Tania & Chao,,1
3,iCore,41,Itamar's Pepper meristem cut [STOPPED],4,2018-09-05T15:07:25,2018-10-21T14:10:22,4:00:00,4:30:00,20,1,Dubi,,1
3,iCore,40,nadav table D salinity + table c drought 05.09.18,4,2018-09-05T10:31:55,2018-09-13T12:28:28,3:50:00,4:30:00,20,1,nadav haish - Menachem's lab,nadohaish@gmail.com,1
3,iCore,39,nadav table D salinity + table c drought 03.09.18,4,2018-09-03T15:19:03,2018-09-05T10:30:47,22:00:00,4:30:00,20,1,Sanbon Gose - Menachem's lab,,1
3,iCore,38,copy of copy of Pump TAP B weight,4,2018-08-30T13:49:04,2018-09-17T17:25:27,22:00:00,4:30:00,20,1,,,1
3,iCore,37,nadav table D salinity + table c drought 30.08.18,4,2018-09-02T11:44:58,2018-09-03T15:15:14,22:00:00,4:30:00,20,1,Sanbon Gose - Menachem's lab,,1
3,iCore,36,copy of Pump TAP B weight,4,2018-08-29T16:41:55,2018-08-30T13:44:34,22:00:00,4:30:00,20,1,,,1
3,iCore,35,Pump TAP B weight,4,2018-08-28T16:55:43,2018-08-29T16:41:04,22:00:00,4:30:00,20,1,,,1
3,iCore,33,Drainage experiment (Table H),4,2018-08-22T11:22:55,2018-09-07T14:28:06,22:00:00,4:30:00,20,1,,,1
3,iCore,32,nadav table D salinity 22.08.18,4,2018-08-27T14:09:50,2018-09-02T11:44:48,22:00:00,4:30:00,20,1,Sanbon Gose - Menachem's lab,,1
3,iCore,31,nadav table c  test 22.8.18 (drought),4,2018-08-22T11:33:38,2018-09-02T11:44:40,22:00:00,4:30:00,20,1,,,1
3,iCore,30,TABLE C VALVE CHECK,4,2018-08-20T10:58:54,2018-08-22T11:33:30,22:00:00,4:30:00,20,1,,,1
3,iCore,29,table D noise check 1a-9d 16.8.18,4,2018-08-16T09:09:56,2018-08-27T14:09:27,22:00:00,4:30:00,20,1,Sanbon Gose - Menachem's lab,,1
3,iCore,28,PAR-light,4,2018-08-15T09:28:25,2018-08-22T11:31:34,22:00:00,4:30:00,20,1,,,1
3,iCore,27,SoilSensorCalibrationWetting,4,2018-08-12T11:56:39,2018-08-16T09:08:57,22:00:00,4:30:00,20,1,Ronny,,1
3,iCore,26,"Levy & Rabinowitz EC Potato [Table H, 1a]",4,2018-08-06T13:14:17,2018-11-13T12:02:36,22:00:00,4:30:00,20,1,Prof. David Levy & Prof. Haim Rabinovitz,,1
3,iCore,25,Drainage experiment (Table C- Old),4,2018-08-06T12:36:05,2018-08-22T11:20:10,22:00:00,4:30:00,20,1,,,1
3,iCore,24,"Natanela- gidi's tomatos [Table J, 1-18, Running]",4,2018-07-29T17:46:38,2018-09-03T13:20:27,22:00:00,4:30:00,20,1,Netanela,,1
3,iCore,23,"Boaz Nigen - Tobbaco [Table I, 1-18, Running]]",4,2018-07-26T14:10:12,2018-09-07T14:27:46,22:00:00,4:30:00,20,1,Boaz Nigen,,1
3,iCore,22,"Rice Menachem Running  [Table H, 10-18]",4,2018-07-25T21:18:16,2018-09-24T11:15:36,22:00:00,4:30:00,20,1,Menachem Moshelion,,1
3,iCore,21,table D noise check 1a-9d,4,2018-07-22T14:00:01,2018-08-12T11:40:27,22:00:00,4:30:00,20,1,Sanbon Gose - Menachem's lab,,1
3,iCore,20,"Natanela- gidi's tomatos [Table J, 1-18, Finished]",4,2018-07-22T10:58:23,2018-07-29T17:46:33,22:00:00,4:30:00,20,1,Netanela,,1
3,iCore,19,"Boaz Nigen - Tobbaco [Table I, 1-18,Finished]",4,2018-07-16T14:19:13,2018-07-26T14:09:11,22:00:00,4:30:00,20,1,Boaz Nigen,,1
3,iCore,17,"Dantziger innovations Patunia [Table B, 1-11B]",4,2018-07-16T15:53:31,2018-08-12T22:02:56,22:00:00,4:30:00,20,1,Elena,,1
3,iCore,16,"Rice Menachem [Table H, 10-18]",4,2018-07-18T08:43:42,2018-07-25T21:17:59,22:00:00,4:30:00,20,1,Menachem Moshelion,,1
3,iCore,15,Levy,4,2018-07-18T08:17:03,2018-08-06T13:02:24,22:00:00,4:30:00,20,1,Prof. David Levy & Prof. Haim Rabinovitz,,1
3,iCore,14,Valve B check (Finished),4,2018-07-11T12:16:48,2018-07-15T18:36:42,22:00:00,4:30:00,20,1,,,1
3,iCore,13,"Sanbon Phytochromes Tomato [Table B, 13-18, Table D 10-17]",4,2018-07-05T17:26:23,2018-08-27T14:09:45,22:00:00,4:30:00,20,1,Sanbon Gose - Menachem's lab,,1
3,iCore,12,Growth side table,4,2018-07-02T12:09:35,2018-12-31T14:08:54,22:00:00,4:30:00,20,1,,,1
3,iCore,11,PhytochromesTomato experiment(1st days),4,2018-06-28T12:52:47,2018-07-05T17:26:19,22:00:00,4:30:00,20,1,Sanbon Gose - Menachem's lab,,1
3,iCore,10,Noise check table D 10-18,4,2018-06-21T14:59:05,2018-06-28T12:51:16,22:00:00,4:30:00,20,1,,,1
3,iCore,9,Nursery,4,2018-06-20T15:55:35,2018-12-31T14:08:24,22:00:00,4:30:00,20,1,,,1
3,iCore,8,CIL Biostimulants (Live experiment),4,2018-06-17T14:56:42,2018-07-29T12:37:39,22:00:00,4:30:00,20,1,,,1
3,iCore,7,Drainage test,4,2018-06-15T13:12:22,2018-06-28T12:52:42,22:00:00,4:30:00,20,1,,,1
3,iCore,6,Table D Raw,4,2018-06-14T17:45:25,2018-06-21T14:56:45,22:00:00,4:30:00,20,1,,,1
3,iCore,5,CIL Biostimulants (Pre treat no biostimulants),4,2018-06-10T14:49:55,2018-06-17T14:55:36,22:00:00,4:30:00,20,1,,,1
3,iCore,4,Sanbon tomato (Finished),4,2018-06-07T18:16:31,2018-07-09T15:49:06,22:00:00,4:30:00,20,1,,,1
3,iCore,3,CIL Biostimulants (Experiment set-up),4,2018-06-07T17:23:00,2018-06-10T14:47:29,22:00:00,4:30:00,20,1,,,1
3,iCore,2,Sanbon tomato (1st days- Finished),4,2018-06-05T16:25:09,2018-06-07T18:14:57,22:00:00,4:30:00,20,1,,,1
3,iCore,1,exp_1,4,2024-08-18T09:55:33,,22:00:00,4:30:00,20,1,,,1
5,iCore-2018/Jan-May,104,Sanbnon tomato's May,4,2018-05-31T14:15:14,2018-06-05T14:42:30,0:00:00,23:30:00,20,1,,,1
5,iCore-2018/Jan-May,103,Tranducers check new,4,2018-05-22T15:45:04,2018-06-05T14:42:35,0:00:00,6:00:00,20,1,,,1
5,iCore-2018/Jan-May,102,Tranducers check,4,2018-05-15T18:29:57,2018-05-22T15:44:51,0:00:00,6:00:00,20,1,,,1
5,iCore-2018/Jan-May,99,Soil evaporation,4,2018-05-10T16:38:32,2018-06-05T12:22:27,0:00:00,23:30:00,20,1,,,1
5,iCore-2018/Jan-May,98,copy of PlantArcBio Tobbaco Table H (Running),4,2018-05-08T16:55:25,2018-05-08T18:56:53,0:00:00,5:00:00,20,1,Arava Shatil Cohen- PlantArcBio,,1
5,iCore-2018/Jan-May,96,  Nadav(1-9) drought old  (10-18) drought new 02.05.18,4,2018-05-02T11:16:21,2018-06-05T12:26:26,0:00:00,4:30:00,20,1,,,1
5,iCore-2018/Jan-May,95, Nadav(1-9) drought old  (10-18) drought new 01.05.18,4,2018-05-01T11:02:41,2018-05-02T11:16:17,0:00:00,4:30:00,20,1,,,1
5,iCore-2018/Jan-May,94,Chienese scales noise check (Last day),4,2018-04-23T18:15:02,2018-04-24T12:14:21,0:00:00,6:00:00,20,1,,,1
5,iCore-2018/Jan-May,93,"Ahan Vicia faba Growth(H, I, J)",4,2018-04-22T14:44:26,2018-05-03T13:37:50,0:00:00,5:00:00,20,1,Ahan Dalal- Menachem's lab,,1
5,iCore-2018/Jan-May,92,Chienese scales noise check (Day5),4,2018-04-17T17:51:14,2018-04-23T18:14:43,0:00:00,6:00:00,20,1,,,1
5,iCore-2018/Jan-May,91,Chienese scales noise check (Day4),4,2018-04-16T18:58:39,2018-04-17T17:51:10,0:00:00,6:00:00,20,1,,,1
5,iCore-2018/Jan-May,90,Chienese scales noise check (Day3),4,2018-04-14T15:54:00,2018-04-16T18:58:34,0:00:00,6:00:00,20,1,,,1
5,iCore-2018/Jan-May,89,Chienese scales noise check (Day2),4,2018-04-13T16:10:18,2018-04-14T15:53:44,0:00:00,6:00:00,20,1,,,1
5,iCore-2018/Jan-May,87,Chienese scales noise check (Day1),4,2018-04-12T18:47:27,2018-04-13T15:10:57,0:00:00,6:00:00,20,1,,,1
5,iCore-2018/Jan-May,86,Nadav(1-9) drought and sanbon(10-18) drought 10.04.18,4,2018-04-10T08:29:03,2018-05-01T10:52:56,0:00:00,4:30:00,20,1,,,1
5,iCore-2018/Jan-May,85,Amit Tomato's Table B (Running),4,2018-04-08T13:06:24,2018-05-08T16:46:14,0:00:00,4:00:00,20,1,Amit Koch- Dani Zamir Lab,,1
5,iCore-2018/Jan-May,84,Nadav(1-9) drought and sanbon(10-18) drought 04.04.18,4,2018-04-04T13:54:20,2018-04-10T08:28:57,0:00:00,23:30:00,20,1,,,1
5,iCore-2018/Jan-May,82,PlantArcBio Tobbaco Table H (Running),4,2018-04-02T20:37:13,2018-05-03T13:37:56,0:00:00,5:00:00,20,1,Arava Shatil Cohen- PlantArcBio,,1
5,iCore-2018/Jan-May,81,Amit Tomato's Table B (1st week-Stopped),4,2018-04-02T11:50:33,2018-04-08T13:06:21,0:00:00,5:00:00,20,1,Amit Koch- Dani Zamir Lab,,1
5,iCore-2018/Jan-May,80,  Table C noise chek with scales 29.03.2018,4,2018-03-29T10:14:35,2018-04-04T10:57:03,0:00:00,23:30:00,20,1,,,1
5,iCore-2018/Jan-May,79, Rafat Soil evaporation (For pesah),4,2018-03-28T17:00:13,2018-04-01T12:28:53,0:00:00,23:30:00,20,1,,,1
5,iCore-2018/Jan-May,78,PlantArcBio Tobbaco Table H (Stopped),4,2018-03-27T10:25:06,2018-04-02T20:37:07,0:00:00,5:00:00,20,1,Arava Shatil Cohen,,1
5,iCore-2018/Jan-May,76,Sanbon Tomato Growth (temporary),4,2018-03-24T15:48:11,2018-03-25T16:30:28,0:00:00,5:00:00,20,1,Sanbon Gose,,1
5,iCore-2018/Jan-May,75," Ahan Vicia faba Table J,I,H (final)3",4,2018-03-22T23:34:05,2018-04-22T14:44:21,0:00:00,5:30:00,20,1,Ahan Dalal- Menachem's lab,,1
5,iCore-2018/Jan-May,74,Sanbon Tomato Growth (Stopped),4,2018-03-21T19:19:18,2018-03-24T15:48:07,0:00:00,5:00:00,20,1,Sanbon Gose,,1
5,iCore-2018/Jan-May,73,"Ahan Vicia faba Table J,I,H (running)",4,2018-03-21T18:35:54,2018-03-22T23:33:57,0:00:00,5:00:00,20,1,Ahan Dalal,,1
5,iCore-2018/Jan-May,71,Rafat Soil evaporation Table B (Finished),4,2018-03-20T10:52:24,2018-03-28T12:49:23,0:00:00,23:30:00,20,1,,,1
5,iCore-2018/Jan-May,70, Table D noise chek withe scale  20.03.18,4,2018-03-20T10:36:55,2018-04-10T22:23:27,0:00:00,23:30:00,20,1,,,1
5,iCore-2018/Jan-May,69,Rafat Soil evaporation Table B,4,2018-03-19T18:59:44,2018-03-20T10:52:21,0:00:00,23:30:00,20,1,Rafat Qubaja,,1
5,iCore-2018/Jan-May,68,Sanbon Tomato Table H Full,4,2018-03-19T13:18:54,2018-03-20T19:02:23,0:00:00,23:30:00,20,1,,,1
5,iCore-2018/Jan-May,67,Ahan Vicia faba Table H (14 pots),4,2018-03-19T10:03:34,2018-03-21T18:35:46,0:00:00,5:00:00,20,1,Ahan Dalal,,1
5,iCore-2018/Jan-May,66, Table C noise chek with scales 18.03.2018,4,2018-03-18T11:26:13,2018-03-29T10:13:20,0:00:00,23:30:00,20,1,,,1
5,iCore-2018/Jan-May,65,"Ahan Vicia faba Table J,I,H",4,2018-03-16T11:02:57,2018-03-21T18:35:50,0:00:00,5:00:00,20,1,Ahan Dalal,,1
5,iCore-2018/Jan-May,60,Table C noise chek with scales 12.03.2018,4,2018-03-12T17:33:00,2018-03-18T11:26:10,0:00:00,23:30:00,20,1,,,1
5,iCore-2018/Jan-May,58, Table D pigtails  (batch 2) 11.03.18,4,2018-03-11T10:03:39,2018-03-20T10:35:48,0:00:00,23:30:00,20,1,,,1
5,iCore-2018/Jan-May,57,  Table D card check (batch 2) 08.03.18,4,2018-03-08T15:53:37,2018-03-11T10:03:27,0:00:00,23:30:00,20,1,,,1
5,iCore-2018/Jan-May,56,gILI2,4,2018-03-08T13:45:46,2018-03-11T13:20:02,0:00:00,23:30:00,20,1,,,1
5,iCore-2018/Jan-May,54,Gili's experiment,4,2018-03-07T17:34:37,2018-03-11T13:20:06,0:00:00,23:30:00,20,1,,,1
5,iCore-2018/Jan-May,53,copy of  Table C(1-9) card check 01.03.2018,4,2018-03-06T17:49:16,2018-03-08T09:49:46,0:00:00,23:30:00,20,1,,,1
5,iCore-2018/Jan-May,49, Table c (10c-18d) pigitails  05.03.2018,4,2018-03-05T14:26:20,2018-03-12T15:47:56,0:00:00,23:30:00,20,1,,,1
5,iCore-2018/Jan-May,48,copy of Table C Full,4,2018-03-05T12:04:25,2018-03-05T15:18:41,0:00:00,23:30:00,20,1,,,1
5,iCore-2018/Jan-May,47,  Table C(1-9) pigtails 05.03.2018,4,2018-03-05T14:26:16,2018-03-06T17:49:08,0:00:00,23:30:00,20,1,,,1
5,iCore-2018/Jan-May,46, Growth,4,2018-03-04T16:30:44,,0:00:00,23:30:00,20,1,,,1
5,iCore-2018/Jan-May,45, Table C(1-9) card check 01.03.2018,4,2018-03-01T17:14:08,2018-03-05T11:46:43,0:00:00,23:30:00,20,1,,,1
5,iCore-2018/Jan-May,44,Table c (10c-18d) card check  01.03.2018,4,2018-03-01T17:12:45,2018-03-05T14:24:30,0:00:00,23:30:00,20,1,,,1
5,iCore-2018/Jan-May,43, Table D card check(batch 1)  01.03.18,4,2018-03-01T17:11:53,2018-03-08T14:54:16,0:00:00,23:30:00,20,1,,,1
5,iCore-2018/Jan-May,42,Table D pigtails(batch 1),4,2018-02-20T13:35:37,2018-03-01T17:11:48,0:00:00,23:30:00,20,1,,,1
5,iCore-2018/Jan-May,41,1,4,,,0:00:00,23:30:00,20,1,,,1
5,iCore-2018/Jan-May,39,Table c (10c-18d) noise chek,4,2018-02-15T12:15:52,2018-03-01T17:12:42,0:00:00,23:30:00,20,1,,,1
5,iCore-2018/Jan-May,38,Table D Wheatstone bridge test,4,2018-02-14T12:19:30,2018-02-20T12:52:59,0:00:00,23:30:00,20,1,,,1
5,iCore-2018/Jan-May,37,Table D Noise check,4,2018-02-11T12:59:52,2018-02-14T12:04:18,0:00:00,23:30:00,20,1,,,1
5,iCore-2018/Jan-May,36,Ahan WT Barley Table J (Running),4,2018-02-08T16:39:46,2018-03-13T20:27:38,0:00:00,5:00:00,20,1,,,1
5,iCore-2018/Jan-May,35,Ahan WT Barley Table H (Running),4,2018-02-08T16:39:42,2018-03-13T20:27:22,0:00:00,5:00:00,20,1,,,1
5,iCore-2018/Jan-May,34,Ahan WT Barley Table B (Running),4,2018-02-08T16:39:37,2018-03-12T12:14:31,0:00:00,5:00:00,20,1,None,None,1
5,iCore-2018/Jan-May,33,Ahan European Barley Table I(Running),4,2018-02-05T14:34:29,2018-03-07T12:55:36,0:00:00,5:00:00,20,1,Ahan Dalal,,1
5,iCore-2018/Jan-May,32,noise chek table d,4,2018-01-28T11:45:02,2018-02-11T12:54:45,0:00:00,23:30:00,20,1,,,1
5,iCore-2018/Jan-May,31,Ahan WT Barley Table H (First week),4,2018-01-25T18:54:25,2018-02-08T16:39:33,0:00:00,5:00:00,20,1,,,1
5,iCore-2018/Jan-May,30, Growth Vinoji (FINISHED),4,2018-01-23T19:21:12,2018-02-20T15:38:14,0:00:00,23:30:00,20,1,,,1
5,iCore-2018/Jan-May,25, Ahan WT Barley Table J (First week),4,2018-01-22T13:14:06,2018-02-08T16:39:29,0:00:00,5:00:00,20,1,,,1
5,iCore-2018/Jan-May,24,Ahan WT Barley Table B (First week),4,2018-01-22T13:13:36,2018-02-08T16:39:26,0:00:00,5:00:00,20,1,,,1
5,iCore-2018/Jan-May,23, Table L,4,2018-01-17T14:01:41,2018-04-13T15:13:18,0:00:00,23:30:00,20,1,,,1
5,iCore-2018/Jan-May,22,Ahan European BarleyTable I (1st week- Stopped),4,2018-01-16T14:45:07,2018-02-05T14:33:56,0:00:00,23:30:00,20,1,Ahan Dalal,,1
5,iCore-2018/Jan-May,21,Manual Valve,4,2018-01-09T16:11:09,2018-01-14T11:44:07,0:00:00,23:30:00,20,1,,,1
5,iCore-2018/Jan-May,20, Solenoid plundger check 4 (Stopped),4,2018-01-01T15:42:09,2018-01-11T12:02:13,0:00:00,23:30:00,20,1,,,1
5,iCore-2018/Jan-May,19,copy of Table C Noise Pump check,4,2018-01-01T13:53:01,2018-03-01T17:14:00,0:00:00,23:30:00,20,1,,,1
5,iCore-2018/Jan-May,18, Tomato's for video! (Running),4,2017-12-31T13:59:53,2018-01-03T15:27:33,0:00:00,23:30:00,20,1,,,1
5,iCore-2018/Jan-May,17,copy of Table H Full,4,2017-12-28T14:30:00,2018-01-16T10:56:32,0:00:00,23:30:00,20,1,,,1
5,iCore-2018/Jan-May,16,Solenoid plundger check 3 (stopped),4,2017-12-27T17:24:48,2018-01-01T15:41:39,0:00:00,23:30:00,20,1,,,1
5,iCore-2018/Jan-May,15,Solenoid plundger check 2 (Stopped- 150 h),4,2017-12-24T13:37:55,2017-12-27T17:24:11,0:00:00,23:30:00,20,1,,,1
5,iCore-2018/Jan-May,14,"Solenoid plundger check 1 (Stopped, first 24h)",4,2017-12-22T14:08:57,2017-12-24T13:36:27,0:00:00,23:30:00,20,1,,,1
5,iCore-2018/Jan-May,13,Table C Noise Pump check,4,2017-12-24T14:26:07,2018-01-01T13:49:38,0:00:00,23:30:00,20,1,,,1
5,iCore-2018/Jan-May,12,Table C Pump check,4,,,0:00:00,23:30:00,20,1,,,1
5,iCore-2018/Jan-May,11,Tomato's for fun! (Stopped),4,2017-12-21T18:23:42,2017-12-31T12:53:37,0:00:00,23:30:00,20,1,,,1
5,iCore-2018/Jan-May,10,Gidon Shitim 27.11.17,4,2017-12-21T18:23:39,2018-01-01T15:34:46,0:00:00,23:30:00,20,1,,,1
5,iCore-2018/Jan-May,9,Ahan Setaria 20.11.17,4,2017-12-21T18:08:55,2018-01-03T15:27:20,0:00:00,4:30:00,20,1,,,1
5,iCore-2018/Jan-May,8,Nursery,4,2017-12-21T18:09:24,,0:00:00,23:30:00,20,1,,,1
5,iCore-2018/Jan-May,6,Table L+F,4,,,0:00:00,23:30:00,20,1,,,1
5,iCore-2018/Jan-May,5,Table J Full,4,2018-01-01T15:43:06,2018-01-22T13:14:01,0:00:00,23:30:00,20,1,,,1
5,iCore-2018/Jan-May,4,Table I Full,4,2018-01-14T11:44:13,2018-01-16T14:45:03,0:00:00,23:30:00,20,1,,,1
5,iCore-2018/Jan-May,3,Table H Full,4,,,0:00:00,23:30:00,20,1,,,1
5,iCore-2018/Jan-May,2,Table C Full,4,,,0:00:00,23:30:00,20,1,,,1
5,iCore-2018/Jan-May,1,Table B Full,4,,,0:00:00,23:30:00,20,1,,,1
6,iCore-2017,141,Arabidobsis -Yufei-Asaf,4,2017-12-19T16:36:15,,0:00:00,4:30:00,20,1,,,1
6,iCore-2017,139, TABLE C NOISE AND PUMP CHECK,4,2017-12-18T12:58:29,,0:00:00,23:30:00,20,1,,,1
6,iCore-2017,138,copy of copy of NOISE CHECK Table H FULL,4,2017-12-17T09:01:10,,0:00:00,4:30:00,20,1,,,1
6,iCore-2017,137,copy of  TABLE C PUMP CHECK NEW,4,2017-12-13T12:54:00,2017-12-18T12:58:23,0:00:00,23:30:00,20,1,,,1
6,iCore-2017,136,  Irrigation Accuracy 1L/h,4,2017-12-12T17:43:28,2017-12-19T16:17:40,0:00:00,4:30:00,20,1,,,1
6,iCore-2017,135, TABLE C PUMP CHECK NEW,4,2017-12-12T09:00:07,2017-12-13T12:53:54,0:00:00,23:30:00,20,1,,,1
6,iCore-2017,132,TABLE C PUMP CHECK,4,2017-12-11T15:31:30,2017-12-12T08:59:54,0:00:00,23:30:00,20,1,,,1
6,iCore-2017,130,copy of NOISE CHECK Table H FULL,4,2017-11-19T17:28:05,2017-12-11T14:30:30,0:00:00,4:30:00,20,1,,,1
6,iCore-2017,129,Tomatos for fun,4,2017-11-14T18:45:25,,0:00:00,4:30:00,20,1,,,1
6,iCore-2017,128,Shitim 15.11.17,4,2017-11-13T13:03:49,,0:00:00,4:30:00,20,1,,,1
6,iCore-2017,127,Irrigation Accuracy,4,2017-11-13T12:10:57,2017-11-15T09:29:14,0:00:00,4:30:00,20,1,,,1
6,iCore-2017,126,Rafat Soil Evaporation,4,2017-11-08T18:47:00,2017-11-15T12:53:47,0:00:00,4:30:00,20,1,,,1
6,iCore-2017,125,Ahan Setaria 08.11.17,4,2017-11-08T16:50:48,,15:58:00,4:30:00,20,1,,,1
6,iCore-2017,124,tabel H,4,2017-11-07T16:54:43,2017-11-08T17:31:45,0:00:00,4:30:00,20,1,,,1
6,iCore-2017,123,NOISE CHECK TABLE B+I,4,2017-11-07T12:20:14,2017-11-08T16:47:51,0:00:00,4:30:00,20,1,,,1
6,iCore-2017,121, Soil Sensor exp final,4,2017-10-27T14:02:48,2017-12-20T08:41:57,0:00:00,23:30:00,20,1,,,1
6,iCore-2017,120,sensor exp nois plants 27.10,4,2017-10-27T10:34:25,2017-10-27T13:59:39,0:00:00,23:30:00,20,1,,,1
6,iCore-2017,119,Table J NOISE CHECK FULL (Runing),4,2017-10-18T17:36:26,2017-11-13T12:59:01,0:00:00,23:30:00,20,1,,,1
6,iCore-2017,118,Soil Sensor exp,4,2017-10-18T17:19:26,2017-10-27T10:33:03,0:00:00,23:30:00,20,1,,,1
6,iCore-2017,117,TABLE C NOISE CHECK,4,2017-10-17T17:01:07,2017-12-11T15:31:21,0:00:00,23:30:00,20,1,,,1
6,iCore-2017,116,Yosef Fisher CANA 09.10.17 ,4,2017-10-10T17:33:59,2017-11-06T15:11:51,0:00:00,4:30:00,20,1,,,1
6,iCore-2017,115,Gilor Kelly GCSBP 09.10.17,4,2017-10-10T17:33:54,2017-11-07T12:21:04,0:00:00,4:30:00,20,1,,,1
6,iCore-2017,114,Aviel Table I NOISE CHECK,4,2017-10-09T16:07:23,2017-10-18T16:14:50,0:00:00,4:30:00,20,1,,,1
6,iCore-2017,113,Yosef Fisher CANA 09.10.17 (Pre2),4,2017-10-09T15:15:26,2017-10-10T17:33:44,15:58:00,4:30:00,20,1,,,1
6,iCore-2017,112,Gilor Kelly GCSBP 09.10.17 (Pre2),4,2017-10-09T11:14:34,2017-10-10T17:33:49,0:00:00,4:30:00,20,1,,,1
6,iCore-2017,110,Yosef Fisher CANA 02.10.17 (Pre-Experiment),4,2017-10-02T15:48:29,2017-10-09T15:15:22,15:58:00,4:30:00,20,1,,,1
6,iCore-2017,108,Gilor Kelly GCSBP 26.9.17 (Pre-Experiment),4,2017-09-26T17:47:11,2017-10-08T18:11:18,0:00:00,4:30:00,20,1,,,1
6,iCore-2017,107,Table I NOISE CHECK FULL,4,2017-09-19T17:28:10,2017-10-02T11:13:30,0:00:00,4:30:00,20,1,,,1
6,iCore-2017,106,Table J NOISE CHECK FULL,4,2017-09-18T17:48:47,2017-10-18T17:05:25,0:00:00,23:30:00,20,1,,,1
6,iCore-2017,105,Table J NOISE CHECK,4,2017-09-17T13:52:25,2017-09-18T17:48:27,22:00:00,4:30:00,20,1,,,1
6,iCore-2017,104,table I PIGI check 7.9.17 2nd,4,2017-09-12T12:22:14,2017-09-19T17:26:57,0:00:00,4:10:00,20,1,,,1
6,iCore-2017,103, Table H NOISE CHECK FULL,4,2017-09-11T15:22:44,2017-09-26T17:39:31,0:00:00,4:30:00,20,1,,,1
6,iCore-2017,101,Table J PIGI check 11.09.17,4,2017-09-11T15:00:25,2017-09-18T17:48:44,0:00:00,23:30:00,20,1,,,1
6,iCore-2017,100,table I PIGI check 7.9.17 1st,4,2017-09-07T20:04:27,2017-09-12T12:20:54,0:00:00,4:10:00,20,1,,,1
6,iCore-2017,99,Ziv Vine real data 4.9.17,4,2017-09-07T21:43:57,2017-10-01T11:35:32,15:58:00,4:30:00,20,1,,,1
6,iCore-2017,98,Hagar 03.09.2017 - drought,4,2017-09-03T12:21:52,2017-12-07T10:29:46,0:00:00,23:30:00,20,1,,,1
6,iCore-2017,97,Table H pigi check take 2 -02.09.17,4,2017-09-02T16:56:57,2017-09-11T15:15:51,0:00:00,4:10:00,20,1,,,1
6,iCore-2017,96,copy of Hagar 30.8.207,4,,,0:00:00,23:30:00,20,1,,,1
6,iCore-2017,95,Ziv Vine 29.8.2017,4,2017-08-30T14:38:24,2017-09-07T21:43:42,15:58:00,4:30:00,20,1,,,1
6,iCore-2017,93,H check pigi 23.08.17,4,2017-08-23T18:42:25,2017-09-02T16:56:44,0:00:00,4:10:00,20,1,,,1
6,iCore-2017,92,Noise Check Table B 22.8.17,4,2017-08-22T18:39:55,2017-08-30T13:29:32,15:58:00,4:30:00,20,1,,,1
6,iCore-2017,91,copy of Yaniv August,4,2017-08-20T10:44:22,2017-09-17T09:24:16,22:00:00,4:30:00,20,1,,,1
6,iCore-2017,90,Table H 9-18 18.8.2017,4,2017-08-18T00:32:13,2017-08-23T18:42:19,0:00:00,4:10:00,20,1,,,1
6,iCore-2017,89,copy of copy of Table H - 09.08.17,4,2017-08-11T15:03:38,2017-08-23T18:35:11,0:00:00,4:10:00,20,1,,,1
6,iCore-2017,86,Hagar 10.8.207,4,2017-08-10T23:04:08,2017-09-03T12:21:45,0:00:00,23:30:00,20,1,,,1
6,iCore-2017,85,Vine growth (Ziv),4,2017-08-10T15:28:44,,0:00:00,23:30:00,20,1,,,1
6,iCore-2017,84,Table H - 09.08.17,4,2017-08-09T09:09:33,2017-08-10T20:21:12,0:00:00,4:10:00,20,1,,,1
6,iCore-2017,83,Yaniv August,4,2017-08-08T09:00:29,2017-08-20T10:44:16,0:00:00,4:30:00,20,1,,,1
6,iCore-2017,82,TABLE J NOISE TEST 26.7.2017,4,2017-07-26T13:11:11,2017-08-08T09:00:24,0:00:00,23:30:00,20,1,,,1
6,iCore-2017,81,Table B 18.7 test,4,2017-07-18T13:28:18,2017-08-22T18:39:44,15:58:00,4:30:00,20,1,,,1
6,iCore-2017,80,copy of Nursery - new,4,2017-07-11T16:53:07,,0:00:00,23:30:00,20,1,,,1
6,iCore-2017,79,Hagar Pines 10.7.2017,4,2017-07-10T00:24:50,2017-08-10T23:04:02,0:00:00,4:30:00,20,1,,,1
6,iCore-2017,77,Hagar Pines L+F 9.7.2017,4,2017-07-09T17:15:55,2017-07-10T00:17:16,0:00:00,23:30:00,20,1,,,1
6,iCore-2017,75,copy of Ahan 22.6.2017,4,2017-07-04T21:14:26,2017-08-09T09:02:54,0:00:00,4:10:00,20,1,,,1
6,iCore-2017,74,copy of Test F+L (Yoki),4,2017-07-03T18:28:35,2017-07-09T17:06:01,0:00:00,23:30:00,20,1,,,1
6,iCore-2017,73,copy of Hagai J 22/06/17,4,2017-07-03T00:32:45,2017-07-17T12:36:00,0:00:00,4:30:00,20,1,,,1
6,iCore-2017,72,Test F+L (Yoki),4,2017-06-27T21:29:22,2017-07-03T18:25:32,0:00:00,23:30:00,20,1,,,1
6,iCore-2017,71,Hagar pine L+F,4,2017-06-27T16:16:36,2017-07-10T00:17:50,0:00:00,4:30:00,20,1,,,1
6,iCore-2017,69,Ahan 22.6.2017,4,2017-06-22T12:17:44,2017-07-04T21:14:20,0:00:00,23:30:00,20,1,,,1
6,iCore-2017,68,Hagai J 22/06/17,4,2017-06-22T11:03:07,2017-07-03T00:32:39,0:00:00,23:30:00,20,1,,,1
6,iCore-2017,67,copy of 50% NaCl sidew table,4,2017-06-21T18:05:39,2017-07-07T10:18:03,0:00:00,23:30:00,20,1,,,1
6,iCore-2017,64,Table B test 15.6,4,2017-06-15T18:06:08,2017-07-18T09:42:35,15:58:00,4:30:00,20,1,,,1
6,iCore-2017,63,Table I test 15.6,4,2017-06-15T14:14:38,2017-06-20T19:51:11,0:00:00,4:30:00,20,1,,,1
6,iCore-2017,62,Table H test 15.6,4,2017-06-15T14:14:06,2017-06-20T19:51:52,0:00:00,4:30:00,20,1,,,1
6,iCore-2017,61,50% NaCl sidew table,4,2017-06-14T10:02:58,2017-06-21T18:05:34,0:00:00,23:30:00,20,1,,,1
6,iCore-2017,59,TABLE J (9-18) NOISE TEST 06.06.2017,4,2017-06-12T19:06:06,2017-07-26T13:11:03,0:00:00,23:30:00,20,1,,,1
6,iCore-2017,58,TABLE F NOISE TEST 08.06.2017,4,2017-06-08T18:19:27,2017-06-27T15:46:12,0:00:00,4:00:00,20,1,,,1
6,iCore-2017,57,David 2nd  L table 06/06/2017,4,2017-06-06T19:47:26,2017-06-22T15:56:53,0:00:00,4:30:00,20,1,,,1
6,iCore-2017,56,TABLE J NOISE TEST 06.06.2017,4,2017-06-06T19:47:04,2017-06-22T11:03:02,0:00:00,23:30:00,20,1,,,1
6,iCore-2017,53, L table 20/05/2017,4,2017-05-20T13:08:50,2017-05-23T16:40:42,0:00:00,4:30:00,20,1,,,1
6,iCore-2017,52,david L table 17/05/2017,4,2017-05-18T18:15:07,2017-05-20T12:59:44,0:00:00,4:30:00,20,1,,,1
6,iCore-2017,49,yanivside,4,2017-05-16T09:36:22,2017-06-14T10:02:49,0:00:00,23:30:00,20,1,,,1
6,iCore-2017,48,full table L pigi test,4,2017-05-15T11:24:22,2017-05-17T13:12:04,0:00:00,4:30:00,20,1,,,1
6,iCore-2017,47,copy of Yaniv Combained EXP.,4,2017-05-13T19:00:02,2017-06-15T10:50:52,0:00:00,4:30:00,20,1,,,1
6,iCore-2017,46,copy of Neria 08.05.2017,4,2017-05-12T19:04:45,2017-06-06T19:08:15,0:00:00,22:30:00,20,1,,,1
6,iCore-2017,45,Yaniv Combained EXP.,4,2017-05-11T21:54:54,2017-05-12T18:59:30,0:00:00,23:30:00,20,1,,,1
6,iCore-2017,44,table L pigi test,4,2017-05-10T12:26:44,2017-05-15T11:24:00,0:00:00,4:30:00,20,1,,,1
6,iCore-2017,43,Yaniv 2nd 9.5.2017,4,2017-05-13T10:32:32,2017-05-11T21:54:21,0:00:00,23:30:00,20,1,,,1
6,iCore-2017,42,Neria 08.05.2017,4,2017-05-08T12:07:31,2017-05-12T19:04:33,0:00:00,23:30:00,20,1,,,1
6,iCore-2017,41,Yaniv 6.5.2017,4,2017-05-07T14:35:35,2017-05-11T21:54:13,0:00:00,23:30:00,20,1,,,1
6,iCore-2017,40,Yaniv 4.5.2017 old,4,2017-05-04T18:13:04,2017-05-07T14:35:31,0:00:00,23:30:00,20,1,,,1
6,iCore-2017,38,Eti (vins) ABA new aragment 30/04/17,4,2017-04-30T23:21:43,2017-06-04T17:55:14,0:00:00,7:00:00,10,1,,,1
6,iCore-2017,37,copy of Growth,4,2017-04-26T14:07:38,2017-05-16T09:35:37,0:00:00,23:30:00,20,1,,,1
6,iCore-2017,36,H - pig Tail 10-18,4,2017-04-20T16:45:51,2017-04-30T10:47:38,0:00:00,4:00:00,20,1,,,1
6,iCore-2017,35,Nursery - new,4,2017-04-16T13:41:41,2017-07-11T16:51:36,0:00:00,23:30:00,20,1,,,1
6,iCore-2017,33,eti (vins) ABA new 09/04/17,4,2017-04-09T11:37:35,2017-04-30T23:20:43,0:00:00,7:00:00,10,1,,,1
6,iCore-2017,32,Noise Check Table J full,4,2017-04-06T14:36:57,2017-04-30T11:03:49,0:00:00,23:30:00,20,1,,,1
6,iCore-2017,31,L - load cell-temp test,4,2017-04-06T11:15:36,2017-05-15T11:24:14,0:00:00,23:30:00,20,1,,,1
6,iCore-2017,30,eti (vins) ABA new,4,2017-04-02T12:52:00,2017-04-09T11:37:31,0:00:00,23:30:00,20,1,,,1
6,iCore-2017,29,PIGI TAILS B,4,2017-03-23T11:25:21,2017-04-30T11:04:14,0:00:00,23:30:00,20,1,,,1
6,iCore-2017,28, Noise Check Table I full,4,2017-03-23T11:08:14,2017-04-30T11:03:40,0:00:00,23:30:00,20,1,,,1
6,iCore-2017,27,David (Shenker) oxigen level in the soil New after planting,4,2017-03-13T18:16:50,2017-04-25T18:24:55,0:00:00,4:30:00,20,1,,,1
6,iCore-2017,26,copy of B 13d13D15c test,4,2017-03-13T17:57:05,2017-03-23T11:25:01,0:00:00,23:30:00,20,1,,,1
6,iCore-2017,24,B 13d13D15c test,4,2017-03-12T09:44:54,2017-03-13T14:11:58,0:00:00,23:30:00,20,1,,,1
6,iCore-2017,23,eti (vins) ABA stoped,4,2017-03-12T08:53:26,2017-04-02T12:51:53,0:00:00,23:30:00,20,1,,,1
6,iCore-2017,21,David (Shenker) oxigen level in the soil,4,2017-03-08T17:13:39,2017-03-13T18:16:45,0:00:00,23:30:00,20,1,,,1
6,iCore-2017,20,Neria(silica) - 07/03/17,4,2017-03-06T22:48:12,2017-04-29T21:07:47,0:00:00,4:30:00,20,1,,,1
6,iCore-2017,19,Ido(Weiss) - 6/3/17,4,2017-03-05T22:41:26,2017-04-20T16:22:56,0:00:00,4:00:00,20,1,,,1
6,iCore-2017,18,Neria(silica) - 02/03/17,4,2017-03-02T11:32:25,2017-03-06T22:48:07,0:00:00,7:45:00,20,1,,,1
6,iCore-2017,17,Ido(Weiss) - 28/2/17,4,2017-02-28T16:33:52,2017-03-05T22:10:37,0:00:00,4:30:00,20,1,,,1
6,iCore-2017,15,copy of copy of H - transducers test,4,2017-02-18T18:55:24,2017-02-28T15:46:14,0:00:00,7:45:00,20,1,,,1
6,iCore-2017,14,copy of H - transducers test,4,2017-02-09T19:40:57,2017-02-18T18:54:59,0:00:00,7:45:00,20,1,,,1
6,iCore-2017,13,copy of L- pigtail test,4,2017-02-06T18:31:55,2017-03-08T17:13:31,0:00:00,23:30:00,20,1,,,1
6,iCore-2017,12,H - transducers test,4,2017-02-02T14:29:00,2017-02-09T19:40:34,0:00:00,4:00:00,20,1,,,1
6,iCore-2017,11,Reconected cables Table H,4,2017-01-31T19:27:24,2017-02-09T19:40:52,0:00:00,23:30:00,20,1,,,1
6,iCore-2017,10,Reconected SCALES Table H,4,2017-01-31T19:21:07,2017-02-02T14:28:53,0:00:00,4:00:00,20,1,,,1
6,iCore-2017,8,Noise Check Table H full,4,2017-01-29T19:23:53,2017-01-31T19:10:51,0:00:00,23:30:00,20,1,,,1
6,iCore-2017,7,copy of Amit(Koch) - 16/1/17,4,2017-01-27T22:32:06,2017-03-08T17:45:28,0:00:00,4:30:00,20,1,,,1
6,iCore-2017,6,Noise Check Table H,4,2017-01-27T13:05:54,2017-01-29T19:21:05,0:00:00,23:30:00,20,1,,,1
6,iCore-2017,5,L- pigtail test,4,2017-01-25T16:41:17,2017-01-31T18:54:36,0:00:00,23:30:00,20,1,,,1
6,iCore-2017,4,Amit(Koch) - 16/1/17 STOPED,4,2017-01-23T11:37:31,2017-01-27T22:32:00,0:00:00,23:30:00,20,1,,,1
6,iCore-2017,3,Growth,4,2017-01-23T11:37:28,2017-03-16T14:25:39,0:00:00,23:30:00,20,1,,,1
6,iCore-2017,2,Nursery,4,2017-01-23T11:37:26,2017-04-09T15:21:46,0:00:00,23:30:00,20,1,,,1
7,WUR,9, Soil types WUR-restart,3,2019-05-21T14:13:25,2019-06-19T10:04:19,6:00:00,3:00:00,20,1,,,1
7,WUR,8,Soil types WUR,3,2019-05-14T15:36:29,2019-05-21T14:13:20,6:00:00,3:00:00,20,1,,,1
7,WUR,6,Quinoa exp 1st run,3,2019-03-05T15:11:45,2019-05-14T13:52:09,6:00:00,2:00:00,20,1,,,1
7,WUR,5,Experiment 1,3,2018-05-06T14:55:50,2018-05-15T15:07:04,22:00:00,4:30:00,20,1,,,1
7,WUR,1,exp_1,3,2018-05-02T15:25:03,2018-05-02T15:40:07,22:00:00,4:30:00,20,1,,,1
13,Tau,75,HPRG_OE_exp,4,2024-10-01T11:18:21,2024-11-17T08:01:29,20:45:00,5:00:00,30,1,None,None,1
13,Tau,74,Irrigation_full,4,2024-09-29T15:48:18,2024-10-01T10:53:44,20:45:00,5:00:00,30,1,,,1
13,Tau,73,PUP,4,2024-07-02T14:44:36,,20:45:00,5:00:00,30,1,,,1
13,Tau,72,Saturation PUP,4,2024-07-01T08:52:33,,22:00:00,4:30:00,20,1,,,1
13,Tau,71,Tyramine,4,2024-04-09T14:43:43,,20:45:00,5:00:00,30,1,,,1
13,Tau,70,clean,4,2024-02-06T14:07:31,2024-02-08T09:32:19,22:00:00,4:30:00,20,1,,,1
13,Tau,69,Casl tp 23,4,2023-11-23T11:23:44,,20:45:00,5:00:00,30,1,,,1
13,Tau,68,Italika millet 2,4,2023-07-19T09:36:32,2023-08-28T08:28:08,20:45:00,5:00:00,30,1,,,1
13,Tau,67,Millet 2 Elad,4,2023-07-16T08:45:50,2023-07-19T08:58:29,20:45:00,5:00:00,30,1,,,1
13,Tau,66,Elad saturation 2,4,2023-07-12T14:46:31,2023-07-16T07:59:28,22:00:00,4:30:00,30,1,,,1
13,Tau,65,Pearl millet Elad,4,2023-06-08T05:00:11,2023-07-09T09:48:32,20:45:00,5:00:00,30,1,None,None,1
13,Tau,64,Saturation Elad,4,2023-05-18T13:15:35,2023-06-04T10:01:57,20:45:00,5:00:00,30,1,,,1
13,Tau,63,Plant physiology lab spring 23,4,2023-03-14T09:09:00,2023-04-30T08:30:34,20:20:00,5:00:00,20,1,,,1
13,Tau,62,almond spring 2022,4,2022-03-08T00:01:35,2022-04-26T08:10:31,20:16:00,5:00:00,20,1,,,1
13,Tau,61,impedance feb 2022,4,2022-01-27T13:39:05,2022-02-27T15:18:30,20:00:00,5:00:00,20,1,,,1
13,Tau,60,Almond 2021,4,2021-10-11T12:33:33,2021-11-29T08:11:45,20:00:00,5:00:00,20,1,,,1
13,Tau,59,sound of Tomatos August 2021,4,2021-08-15T14:15:12,2021-10-07T09:11:18,20:00:00,4:30:00,20,1,,,1
13,Tau,58,Impidens august 2021 (tabbaco sand) part 2,4,2021-08-15T09:41:16,2021-10-11T12:00:34,20:00:00,5:00:00,20,1,,,1
13,Tau,57,copy of copy of Setaria july-august2021,4,2021-08-15T09:41:50,2021-08-19T11:48:00,20:05:00,4:30:00,20,1,,,1
13,Tau,56,copy of Setaria july-august2021,4,2021-08-13T21:46:33,2021-08-15T09:41:32,20:05:00,4:30:00,20,1,,,1
13,Tau,55,Impidens august 2021 (tabbaco sand),4,2021-08-13T20:13:05,2021-08-15T09:40:50,20:00:00,5:00:00,20,1,,,1
13,Tau,54,Setaria july-august2021,4,2021-07-29T14:20:04,,20:30:00,4:30:00,20,1,,,1
13,Tau,53,Tomato summer 2021  daniela,4,2021-07-25T17:11:34,,20:45:00,4:30:00,20,1,,,1
13,Tau,52,Setaria june2021,4,2021-07-01T12:48:57,,20:30:00,4:30:00,20,1,,,1
13,Tau,51,Impidens july 2021 (tabbaco sand),4,2021-06-27T16:29:06,,20:30:00,5:00:00,20,1,,,1
13,Tau,50,sounds of June 2021,4,2021-06-17T14:09:28,,20:00:00,4:30:00,20,1,,,1
13,Tau,49,Setaria pre-experiment,4,2021-06-15T13:21:30,2021-06-29T17:21:36,20:30:00,4:30:00,20,1,,,1
13,Tau,48,Sensors calibration and correlation,4,2021-05-05T17:11:41,,22:00:00,4:30:00,20,1,,,1
13,Tau,47,Impidens april 2021 (tabbaco sand),4,2021-04-24T15:01:06,,19:28:00,5:00:00,20,1,,,1
13,Tau,46,copy of almond soild check spring 2021,4,2021-04-19T13:31:05,,20:00:00,4:30:00,30,1,,,1
13,Tau,45,perennial winter 2021 part 3,4,2021-04-28T00:36:30,,20:00:00,5:00:00,20,1,,,1
13,Tau,44,almond soild check spring 2021,4,2021-04-12T14:05:37,2021-04-19T13:30:58,20:00:00,4:30:00,30,1,,,1
13,Tau,43,Impidens March 2021 (Tomato sand),4,2021-03-13T21:09:47,2021-04-21T15:29:28,19:28:00,5:00:00,20,1,,,1
13,Tau,42,perennial winter 2021 part 2,4,2021-03-03T14:15:16,2021-04-18T08:26:01,21:00:00,4:30:00,20,1,,,1
13,Tau,41,sounds of Feb 2021,4,2021-02-24T16:08:13,,20:00:00,4:30:00,20,1,,,1
13,Tau,40,perennial winter 20-21  part 1,4,2020-12-08T00:37:11,2021-02-17T10:09:29,19:00:00,4:30:00,24,1,,,1
13,Tau,39,Impidens november 2020 (tabbac sand),4,2020-11-11T20:13:51,2021-03-11T14:04:50,19:28:00,5:00:00,20,1,,,1
13,Tau,38,Impidens Octoberr 2020 (soi+sandl),4,2020-10-19T16:42:30,2020-11-11T16:35:37,20:30:00,4:45:00,20,1,,,1
13,Tau,37,pre- perennial winter 20-21  part 1,4,2020-10-18T14:21:02,2020-12-01T12:20:00,7:38:00,5:00:00,24,1,,,1
13,Tau,36,Impidens september 2020 (soil),4,2020-09-17T15:02:08,2020-10-18T07:39:41,20:45:00,4:45:00,20,1,,,1
13,Tau,35,Tabbac soil WW,4,2020-09-01T12:12:36,2020-09-14T15:09:03,22:00:00,4:30:00,20,1,,,1
13,Tau,34,sounds of peace September 2020,4,2020-08-31T17:42:24,2021-02-24T10:02:16,20:00:00,4:30:00,20,1,,,1
13,Tau,33,Tomato summer 2020  daniela ,4,2020-09-05T00:10:41,2020-09-29T12:16:17,20:45:00,4:30:00,20,1,,,1
13,Tau,32,tobacco kelly et al Sep 2020,4,2020-09-13T00:10:35,2020-10-06T17:04:24,20:45:00,4:30:00,20,1,,,1
13,Tau,31,Impidens august 2020 (soil),4,2020-08-11T13:43:05,2020-09-17T14:30:50,20:45:00,4:45:00,20,1,,,1
13,Tau,30,sounds of peace August 2020,4,2020-07-27T11:10:46,2020-08-23T20:19:42,20:45:00,4:30:00,20,1,,,1
13,Tau,29,Almond summer 2020,4,2020-07-19T19:21:52,2020-08-27T05:47:44,20:30:00,4:30:00,20,1,,,1
13,Tau,28,delete Almond summer 2020,4,2020-07-19T10:37:57,2020-07-19T19:12:05,20:45:00,4:45:00,20,1,,,1
13,Tau,27,wheat in the summer 2020,4,2020-07-06T16:55:58,2020-08-27T09:34:41,20:45:00,4:45:00,20,1,,,1
13,Tau,26,Impidens july 2020 (soil),4,2020-07-06T12:30:37,2020-08-11T13:00:59,20:45:00,4:45:00,20,1,,,1
13,Tau,25,pre almond summer 2020,4,2020-07-06T12:24:47,2020-07-19T07:55:04,20:45:00,4:45:00,20,1,,,1
13,Tau,24,Impidens june 2020,4,2020-06-23T10:43:16,2020-07-26T08:40:36,20:45:00,4:45:00,20,1,,,1
13,Tau,23,almond plant check (june 2020),4,2020-06-10T15:15:33,2020-06-30T09:26:15,20:45:00,4:45:00,20,1,,,1
13,Tau,22,almond soil check (june 2020),4,2020-06-03T12:31:06,2020-06-10T14:51:25,20:45:00,4:45:00,20,1,,,1
13,Tau,21,Corn May 2020 (part 2),4,2020-06-09T00:06:21,2020-07-27T11:55:18,20:45:00,4:30:00,20,1,,,1
13,Tau,20,Actual Impidens may 2020,4,2020-05-25T00:48:35,2020-06-23T10:08:05,21:00:00,4:30:00,20,1,,,1
13,Tau,19,pre-Impidens may 2020,4,2020-05-10T17:13:42,2020-05-25T00:48:15,21:00:00,4:30:00,20,1,,,1
13,Tau,18,Corn May (part 1) 2020 ,4,2020-05-19T00:32:34,2020-07-05T06:04:22,20:45:00,4:30:00,20,1,,,1
13,Tau,17,Purity March 2020,4,2020-03-23T01:03:20,2020-04-23T10:35:24,12:45:00,4:30:00,20,1,,,1
13,Tau,16,Aviya march 2020,4,2020-03-23T00:59:19,2020-04-23T10:35:18,20:30:00,4:30:00,20,1,,,1
13,Tau,15,perennial winter part 2- recavery,4,2020-03-08T17:38:47,2020-03-17T09:28:05,19:00:00,5:00:00,24,1,,,1
13,Tau,14,perennial winter 19 part 2,4,2020-01-12T09:17:16,2020-03-08T11:48:41,14:39:00,5:00:00,24,1,,,1
13,Tau,13,testamir,4,2020-01-07T11:26:22,2020-01-07T13:33:50,22:00:00,4:30:00,20,1,,,1
13,Tau,12,soils check 24.12.19,4,2019-12-24T08:28:15,2020-01-02T08:58:49,22:00:00,4:30:00,20,1,,,1
13,Tau,11,perennial winter 19 regrowth ,4,2019-12-16T18:37:42,2020-01-02T08:59:07,4:45:00,5:31:00,21,1,,,1
13,Tau,10,perennial in sand 26.11.19,4,2019-11-26T10:50:05,2020-01-02T08:59:20,22:00:00,4:30:00,20,1,,,1
13,Tau,9,red loam,4,,,22:00:00,0:00:20,2019,1,,,1
13,Tau,8,soil check 14.11.2019,4,2019-11-14T15:20:43,2019-11-20T09:32:59,22:00:00,4:30:00,20,1,,,1
13,Tau,7,perennial winter 19 part 1,4,2019-11-03T16:02:21,2019-12-16T18:36:32,4:45:00,5:31:00,21,1,,,1
13,Tau,6,perennial winter 19-20 part 1,4,2019-11-03T16:01:28,,5:00:00,0:00:20,2019,1,,,1
13,Tau,5,copy of vpd room5,4,2019-10-31T07:11:55,2019-11-03T09:00:40,22:00:00,4:30:00,20,1,,,1
13,Tau,4,copy of exp_1,4,,,22:00:00,4:30:00,20,1,,,1
13,Tau,3, heat map winter,4,2019-10-24T17:50:23,2019-10-31T07:10:22,5:00:00,5:50:00,20,1,,,1
13,Tau,2,vpd room5,4,2019-10-16T14:47:02,2019-10-24T17:50:17,22:00:00,4:30:00,20,1,,,1
13,Tau,1,exp_1,4,2019-10-10T10:51:55,2019-10-11T09:20:15,22:00:00,4:30:00,20,1,,,1
15,UGOE,47,Maize Stemborer,2,2025-02-17T11:05:04,,23:00:00,4:30:00,20,1,,,1
15,UGOE,46,Maize Recurrent Drought,4,2024-10-29T09:59:00,2025-02-05T13:10:39,23:00:00,5:00:00,20,1,,,1
15,UGOE,45,Barley drought irrigation scheme,4,2024-02-07T13:59:43,2024-10-01T08:58:05,23:00:00,4:30:00,20,1,,,1
15,UGOE,44,Barley drought irrigation scheme,4,2024-02-07T13:43:12,,23:00:00,4:30:00,20,1,,,1
15,UGOE,43,Wheat drought 2,4,2023-11-08T10:18:00,2024-01-08T10:21:00,22:00:00,5:00:00,20,1,,,1
15,UGOE,42,Cacao Biochar_IA,4,2023-10-04T11:12:20,,23:00:00,4:30:00,20,1,,,1
15,UGOE,41,Wheat Drought,4,2023-09-01T09:55:09,2023-09-28T09:42:55,23:00:00,4:30:00,20,1,,,1
15,UGOE,40,Cacao Biochar - CM,4,2023-07-10T09:15:02,2023-08-30T09:18:30,22:00:00,4:00:00,20,1,,,1
15,UGOE,39,Sorghum drought,4,2023-05-10T13:01:45,2023-07-04T09:04:51,22:00:00,5:00:00,20,1,,,1
15,UGOE,38,Barley Agata 2 REPEAT,4,2023-03-02T11:31:10,2023-05-08T13:13:22,23:00:00,4:30:00,20,1,,,1
15,UGOE,37,Heat Map,4,2023-02-15T13:07:46,2023-03-01T10:17:38,23:00:00,5:20:00,20,1,,,1
15,UGOE,36,Renata_TRIAL,4,2022-12-21T11:35:23,2023-02-04T14:59:03,23:00:00,5:20:00,20,1,,,1
15,UGOE,35,Renata_trial_2,1,,,22:00:00,4:30:00,20,1,,,1
15,UGOE,33,Renata_test2,4,2022-11-08T11:19:21,2022-12-20T10:03:04,23:00:00,4:30:00,20,1,,,1
15,UGOE,32,Renata_test,4,2022-11-01T11:34:58,2022-11-08T09:56:21,23:00:00,4:30:00,20,1,,,1
15,UGOE,31,Dummy exp,4,2022-10-28T09:45:48,2022-10-28T10:10:06,23:00:00,5:20:00,20,1,,,1
15,UGOE,30,copy of BARISTA,1,,,23:00:00,4:30:00,20,1,,,1
15,UGOE,29,Maize 2,4,2022-08-25T08:54:26,2022-10-07T09:53:19,23:00:00,5:20:00,20,1,,,1
15,UGOE,28,Maize 1,4,2022-07-01T11:05:50,2022-08-03T07:38:02,23:00:00,4:30:00,20,1,,,1
15,UGOE,27,Barley Agata 1 REPEAT,4,2022-05-09T11:34:42,2022-06-22T09:00:21,23:00:00,4:30:00,20,1,,,1
15,UGOE,26,Barley A2,4,2022-03-09T10:18:48,2022-04-11T09:24:46,23:00:00,4:30:00,20,1,,,1
15,UGOE,25,BARISTA,4,2022-01-27T10:53:09,2022-03-07T09:06:44,23:00:00,4:30:00,20,1,None,None,1
15,UGOE,24,Barley Agata 1,4,2021-11-26T10:25:31,2022-01-21T09:27:52,23:00:00,4:30:00,20,1,,,1
15,UGOE,23,Cacao Biochar,4,2021-10-07T13:23:24,2021-11-17T08:46:36,22:00:00,5:00:00,20,1,,,1
15,UGOE,22,Sorghum Batch3.1,4,2021-09-07T11:03:42,2021-10-05T08:41:30,22:00:00,4:00:00,20,1,,,1
15,UGOE,21,Sorghum Batch2.1,4,2021-08-06T12:59:14,2021-09-07T08:09:11,22:00:00,5:00:00,20,1,,,1
15,UGOE,20,Sorghum Batch1.3,4,2021-05-10T18:44:39,2021-08-06T08:24:46,22:00:00,4:00:00,20,1,,,1
15,UGOE,19,Sorghum Batch1.2,4,2021-05-10T17:22:44,2021-05-10T17:46:14,0:00:00,4:30:00,20,1,,,1
15,UGOE,18,Sorghum Batch1.1,4,2021-05-10T14:14:39,2021-05-10T17:21:38,22:00:00,4:30:00,20,1,,,1
15,UGOE,17,Sorghum Batch 1,2,2021-05-10T12:20:33,2021-05-10T12:57:02,23:00:00,4:30:00,20,1,,,1
15,UGOE,16,Sestatian Batch 2,4,2021-03-25T10:28:55,2021-05-07T10:19:41,23:00:00,4:30:00,20,1,,,1
15,UGOE,15,Sestatian test1,4,2021-02-20T16:42:29,2021-03-22T09:25:22,23:00:00,4:30:00,20,1,,,1
15,UGOE,14, Barista Repeat 4,4,2020-09-29T11:05:15,2020-11-09T10:04:02,22:00:00,4:00:00,20,1,,,1
15,UGOE,13,Barista 3,4,2020-08-07T11:42:03,2020-09-29T10:36:17,22:00:00,4:00:00,20,1,,,1
15,UGOE,12,Barista 2,4,2020-07-13T11:36:04,2020-08-07T09:37:50,22:00:00,4:00:00,20,1,,,1
15,UGOE,11, Barista 1_1,4,2020-06-07T14:42:11,2020-07-07T09:47:12,22:00:00,4:00:00,20,1,,,1
15,UGOE,10,Barista 1,4,2020-06-04T18:29:40,2020-06-07T14:27:06,22:00:00,4:00:00,20,1,,,1
15,UGOE,9,Second test,4,2020-02-19T12:18:40,2020-06-04T17:43:18,4:00:00,4:00:00,20,1,,,1
15,UGOE,8,test2,4,2019-12-20T18:19:41,2020-02-19T10:17:48,6:00:00,4:30:00,20,1,,,1
15,UGOE,7,test1,4,2019-11-06T09:00:51,2019-12-20T14:45:34,6:00:00,4:30:00,20,1,,,1
15,UGOE,6,Experiment 2,4,2019-11-06T08:00:38,2019-11-06T08:56:57,22:00:00,4:30:00,20,1,,,1
15,UGOE,5,Experiment 1,4,2018-05-06T14:55:50,2018-05-15T15:07:04,22:00:00,4:30:00,20,1,,,1
15,UGOE,1,exp_1,4,2018-05-02T15:25:03,2018-05-02T15:40:07,22:00:00,4:30:00,20,1,,,1
18,UF - TREC (before lightning),40,Peanut K Rate_May2023,4,2023-05-24T11:54:37,2023-07-20T15:44:48,6:00:00,5:00:00,30,1,None,None,1
18,UF - TREC (before lightning),39,Bleaching_May2023,4,2023-05-17T15:53:18,2023-05-17T16:19:33,22:00:00,5:00:00,30,1,,,1
18,UF - TREC (before lightning),38,Melatonin_Mar2023,4,2023-03-23T14:54:42,2023-05-17T14:21:29,22:00:00,5:00:00,30,1,,,1
18,UF - TREC (before lightning),37,Peanut K Rate_Jan2023,4,2023-01-11T15:44:48,2023-03-14T10:47:38,6:00:00,5:00:00,30,1,None,None,1
18,UF - TREC (before lightning),36,Papaya_Salinity_Sep2022,4,2022-08-25T10:55:39,2022-11-02T15:31:36,22:00:00,5:00:00,30,1,,,1
18,UF - TREC (before lightning),35,Melatonin_July2022,4,2022-07-06T14:52:51,2022-08-01T14:16:46,22:00:00,5:00:00,30,1,,,1
18,UF - TREC (before lightning),34,ONP/OSP_May2022,4,2022-05-12T09:35:38,2022-07-06T14:15:01,22:00:00,5:00:00,30,1,,,1
18,UF - TREC (before lightning),33,Bleaching_May2022,4,2022-05-09T14:36:16,2022-05-10T17:15:42,22:00:00,5:00:00,30,1,,,1
18,UF - TREC (before lightning),32,ONP/OSP_Mar2022,4,2022-03-10T11:20:14,2022-05-04T09:41:35,22:00:00,5:00:00,30,1,,,1
18,UF - TREC (before lightning),31,Avocado_Salinity_Jan2022,4,2021-12-22T18:04:35,2022-02-18T11:00:08,22:00:00,5:00:00,30,1,None,None,1
18,UF - TREC (before lightning),30,Bleaching_Dec2021,4,2021-12-21T10:14:12,2021-12-22T17:17:20,22:00:00,5:00:00,30,1,,,1
18,UF - TREC (before lightning),29,Peanut PA_Sept2021,4,2021-09-15T11:23:58,2021-12-20T08:38:47,6:00:00,5:00:00,30,1,,,1
18,UF - TREC (before lightning),28,Peanut PA_June2021,4,2021-06-09T15:45:16,2021-09-02T08:49:49,6:00:00,5:00:00,30,1,,,1
18,UF - TREC (before lightning),27,_Avo/Citrus_baseline_May2021,4,2021-05-20T10:59:27,2021-06-09T10:51:30,22:00:00,5:00:00,30,1,,,1
18,UF - TREC (before lightning),25,TestNewController_Feb2021,4,2021-02-27T10:56:35,2021-05-20T10:56:54,22:00:00,5:00:00,30,1,,,1
18,UF - TREC (before lightning),24,ONP/OSP_Feb2021,4,2021-02-17T11:17:48,2021-05-19T14:23:31,22:00:00,5:00:00,30,1,,,1
18,UF - TREC (before lightning),23,ONP/OSP_saturation_Jan2021,4,2021-01-19T10:02:18,2021-02-17T11:17:11,22:00:00,5:00:00,30,1,,,1
18,UF - TREC (before lightning),21,ONP/OSP_January2021,1,,,22:00:00,5:00:00,30,1,,,1
18,UF - TREC (before lightning),20,5TE Turface calibration_Nov2020,4,2020-11-24T16:40:06,2021-01-13T11:48:29,22:00:00,5:00:00,30,1,,,1
18,UF - TREC (before lightning),19,Bleaching_Nov2020,4,2020-11-20T10:04:04,2020-11-20T11:42:05,22:00:00,5:00:00,30,1,,,1
18,UF - TREC (before lightning),18,Avocado_Salinity_July2020,4,2020-07-18T09:03:30,2020-11-18T09:45:19,22:00:00,5:00:00,30,1,None,None,1
18,UF - TREC (before lightning),17,5TE Turface calibration_June2020,4,2020-06-27T10:46:26,2020-07-17T13:22:10,22:00:00,5:00:00,30,1,,,1
18,UF - TREC (before lightning),16,Bleaching_Mar2020,4,2020-06-10T13:07:34,2020-06-10T13:36:18,22:00:00,5:00:00,30,1,,,1
18,UF - TREC (before lightning),15,Peanut_PA_Mar2020,4,2020-03-17T15:34:45,2020-06-10T09:02:32,22:00:00,5:00:00,30,1,,,1
18,UF - TREC (before lightning),14,System_Testing_Mar2020,4,2020-03-11T14:34:03,2020-03-17T15:11:09,22:00:00,4:30:00,20,1,,,1
18,UF - TREC (before lightning),13,Tomato_IL_Salinity_Jan2020,4,2020-01-22T21:38:05,2020-03-10T14:01:53,22:00:00,4:30:00,20,1,,,1
18,UF - TREC (before lightning),12,Tomato_IL_Salinity_Jan2020_Setup,4,2020-01-16T13:58:43,2020-01-22T21:37:57,22:00:00,4:30:00,20,1,,,1
18,UF - TREC (before lightning),11,Testing Jan 9 2020,4,2020-01-09T15:45:29,2020-01-16T11:28:14,22:00:00,4:30:00,20,1,,,1
18,UF - TREC (before lightning),10,Tomato_IL_Salinity,4,2019-11-21T16:24:00,2020-01-07T13:06:00,22:00:00,4:30:00,20,1,,,1
18,UF - TREC (before lightning),9,Peanut Experiment test,4,2019-11-21T14:22:44,2019-11-21T16:21:18,22:00:00,4:30:00,20,1,,,1
18,UF - TREC (before lightning),8,Experiment 4,4,2019-11-20T15:26:20,2019-11-20T16:36:02,22:00:00,4:30:00,20,1,,,1
18,UF - TREC (before lightning),7,Experiment 3,4,2019-11-20T14:40:38,2019-11-20T15:22:46,22:00:00,4:30:00,20,1,,,1
18,UF - TREC (before lightning),6,Experiment 2,4,2019-11-19T19:45:26,2019-11-20T14:38:48,22:00:00,4:30:00,20,1,,,1
18,UF - TREC (before lightning),5,Experiment 1,4,2018-05-06T14:55:50,2018-05-15T15:07:04,22:00:00,4:30:00,20,1,,,1
18,UF - TREC (before lightning),1,exp_1,4,2018-05-02T15:25:03,2018-05-02T15:40:07,22:00:00,4:30:00,20,1,,,1
20,BOL,18,BOL Odem 7th April21 Experiment,4,2021-10-13T11:11:07,2021-12-26T06:52:22,3:50:00,4:30:00,20,1,,,1
20,BOL,17,BOL Odem 6th April21 Experiment,4,2021-08-17T10:48:43,2021-09-29T12:23:15,3:50:00,4:30:00,20,1,,,1
20,BOL,16,BOL Odem 5th April21 Experiment,4,2021-04-20T17:33:44,2021-07-01T16:12:45,3:50:00,4:30:00,20,1,,,1
20,BOL,15,BOL Odem 4th Jan21 Experiment,4,2021-01-24T13:55:15,2021-03-19T11:35:02,3:50:00,4:30:00,20,1,,,1
20,BOL,14,ClosedBOL Odem 4th Jan21 Experiment,4,2021-01-24T11:12:12,2021-01-24T13:54:25,3:50:00,4:30:00,20,1,,,1
20,BOL,13,Pre BOL Odem 4th Jan21 Experiment,4,2021-01-11T15:30:43,2021-01-24T11:12:08,3:50:00,4:30:00,20,1,,,1
20,BOL,12,BOL Odem 3rd Oct20 Experiment,4,2020-10-05T11:13:12,2020-12-20T22:27:55,3:50:00,4:30:00,20,1,,,1
20,BOL,11,BOL Odem 3rd Oct20 Pre-experiment,4,2020-09-21T11:27:54,2020-10-05T11:12:48,3:50:00,4:30:00,20,1,,,1
20,BOL,10,BOL Odem 2nd july 2020,4,2020-07-18T00:13:52,2020-09-08T08:02:07,3:50:00,4:30:00,20,1,Itamar Shenhar,itamar.shenhar@mail.huji.ac.il,1
20,BOL,9,BOL Odem 1st May 2020,4,2020-05-13T01:59:54,2020-07-03T15:14:25,3:50:00,4:30:00,20,1,Itamar Shenhar,itamar.shenhar@mail.huji.ac.il,1
20,BOL,8,BOL Odem 1st May 2020 [Stopped],4,2020-05-06T12:55:16,2020-05-10T14:59:15,3:50:00,4:30:00,20,1,Itamar Shenhar,itamar.shenhar@mail.huji.ac.il,1
20,BOL,7,BOL Perliminar 4 strains march 2020,4,2020-03-03T11:18:28,2020-04-21T14:18:59,3:50:00,4:30:00,20,1,Itamar Shenhar,itamar.shenhar@mail.huji.ac.il,1
20,BOL,6,Experiment 2,4,2020-02-27T16:54:11,2020-03-03T11:13:02,22:00:00,4:30:00,20,1,,,1
20,BOL,5,Experiment 1,4,2018-05-06T14:55:50,2018-05-15T15:07:04,22:00:00,4:30:00,20,1,,,1
20,BOL,1,exp_1,4,2018-05-02T15:25:03,2018-05-02T15:40:07,22:00:00,4:30:00,20,1,,,1
23,Growth Room 101,37,shani salt-drought-cut M82,4,2024-09-01T15:45:10,2024-10-09T10:13:45,3:50:00,4:30:00,20,1,,,1
23,Growth Room 101,36,Bnaya_AI_weight,4,2024-05-08T22:40:25,2024-08-06T09:56:00,22:00:00,4:30:00,20,1,,,1
23,Growth Room 101,35,Eyaya Vines Fixed,4,2023-05-21T15:41:01,2023-09-19T10:49:23,22:00:00,4:30:00,20,1,,,1
23,Growth Room 101,34,Eyaya Vines,4,2023-05-17T09:27:42,2023-05-21T15:01:34,22:00:00,4:30:00,20,1,,,1
23,Growth Room 101,33,Corn - LAI,4,2022-12-29T17:07:19,2023-04-09T19:33:51,22:00:00,4:30:00,20,1,,,1
23,Growth Room 101,32,NRGene exp 1,4,2022-09-07T16:17:10,2022-09-21T11:33:04,4:50:00,4:30:00,20,1,,,1
23,Growth Room 101,31,NRGene POC,4,2022-09-01T15:56:37,2022-09-07T16:05:57,4:50:00,4:30:00,20,1,,,1
23,Growth Room 101,30,Reference field array experiment 2,4,2022-06-27T11:03:23,2022-07-03T16:54:32,3:50:00,4:30:00,20,1,,,1
23,Growth Room 101,29,Odem 4th 17/03/22,4,2022-03-29T03:00:08,2022-06-14T10:28:10,3:50:00,4:30:00,20,1,,,1
23,Growth Room 101,28,MVA Fersh weight,4,2022-02-17T15:30:14,2022-02-20T11:30:16,3:50:00,4:30:00,20,1,,,1
23,Growth Room 101,27,MVA pre-1st 16/11/2021,4,2021-12-05T03:30:24,2022-02-16T19:53:44,3:50:00,4:30:00,20,1,,,1
23,Growth Room 101,26,Reference field array experiment,4,2021-11-05T13:41:13,2021-11-16T17:52:00,3:50:00,4:30:00,20,1,,,1
23,Growth Room 101,25,Medium experiment 1st,4,2021-08-11T14:16:30,2021-10-31T15:00:57,3:50:00,4:30:00,20,1,,,1
23,Growth Room 101,24,Odem 3rd 08/04/21,4,2021-04-20T17:12:22,2021-07-12T17:23:36,3:50:00,4:30:00,20,1,,,1
23,Growth Room 101,23,Pre-Odem 3rd 08/04/21,4,2021-04-09T12:12:55,2021-04-20T17:12:17,3:50:00,4:30:00,20,1,,,1
23,Growth Room 101,22,Odem 2nd 29/12/20,4,2021-01-08T15:29:39,2021-03-20T19:35:28,3:50:00,4:30:00,20,1,,,1
23,Growth Room 101,21,Pre-Odem 2nd 29/12/20,4,2020-12-29T15:15:39,2021-01-08T15:29:35,3:50:00,4:30:00,20,1,,,1
23,Growth Room 101,20,copy of Odem 1st 05.10.20,4,2020-12-27T13:47:28,2020-12-27T15:29:25,3:50:00,4:30:00,20,1,,,1
23,Growth Room 101,19,Odem 1st 05.10.20,4,2020-10-05T11:10:27,2020-12-20T22:31:41,3:50:00,4:30:00,20,1,,,1
23,Growth Room 101,18,Pre-Odem 1st 23.09.20,4,2020-09-23T12:37:23,2020-10-05T11:10:06,3:50:00,4:30:00,20,1,,,1
23,Growth Room 101,17,Meterological test,4,2020-09-22T19:43:39,2020-09-23T12:37:20,22:00:00,4:30:00,20,1,,,1
23,Growth Room 101,16,2nd 4 Genotypes June20,4,2020-07-07T00:06:36,2020-09-06T16:06:29,3:50:00,4:30:00,20,1,itamar,,1
23,Growth Room 101,15,1st 4 Genotypes june20,4,2020-06-17T19:18:04,2020-07-02T10:06:54,3:50:00,4:30:00,20,1,,,1
23,Growth Room 101,14,copy of All tables experiment 2,4,2020-06-02T19:09:59,2020-06-14T18:28:32,3:50:00,4:30:00,20,1,,,1
23,Growth Room 101,13,Example 2,4,2020-06-02T19:04:56,2020-06-02T19:09:49,22:00:00,4:30:00,20,1,,,1
23,Growth Room 101,12,Example 1,4,2020-06-02T13:51:00,2020-06-02T16:12:23,22:00:00,4:30:00,20,1,,,1
23,Growth Room 101,11,All tables experiment 2,4,2020-05-10T18:20:38,2020-06-02T12:42:37,3:50:00,4:30:00,20,1,,,1
23,Growth Room 101,10,All tables experiment 1,4,2020-04-23T17:41:37,2020-05-10T18:20:31,22:00:00,4:30:00,20,1,,,1
23,Growth Room 101,9,Perliminar 1st 2nd table,4,2020-04-23T11:20:59,2020-04-23T17:30:17,22:00:00,4:30:00,20,1,,,1
23,Growth Room 101,8,Perliminar 3rd table,4,2020-04-12T17:06:32,2020-04-23T17:30:13,22:00:00,4:30:00,20,1,,,1
23,Growth Room 101,7,Experiment 3,4,2020-03-16T17:54:16,2020-04-12T17:01:41,22:00:00,4:30:00,20,1,,,1
23,Growth Room 101,6,Experiment 2,4,2020-03-16T16:36:02,2020-03-16T17:29:44,22:00:00,4:30:00,20,1,,,1
23,Growth Room 101,5,Experiment 1,4,2018-05-06T14:55:50,2018-05-15T15:07:04,22:00:00,4:30:00,20,1,,,1
23,Growth Room 101,1,exp_1,4,2018-05-02T15:25:03,2018-05-02T15:40:07,22:00:00,4:30:00,20,1,,,1
25,JKI,24,2__StressStopp_Ahmed_8th_November,4,2024-12-09T12:19:57,2024-12-23T09:31:59,22:00:00,4:30:00,20,1,,,1
25,JKI,23,WheatSouSi_Run_3rd,4,2024-12-09T10:57:55,2025-02-24T09:04:47,22:00:00,4:30:00,20,1,,,1
25,JKI,22,StressStopp_Ahmed_8th_November,4,2024-11-08T15:20:24,2024-12-09T10:31:42,22:00:00,4:30:00,20,1,,,1
25,JKI,21,WheatSouSi-2nd run,4,2024-09-13T12:38:34,2024-10-25T07:03:23,22:00:00,4:30:00,20,1,,,1
25,JKI,20,FABA_Eti_4R_July23,4,2024-07-23T16:44:57,,22:00:00,4:30:00,20,1,,,1
25,JKI,19,StressStopp_Ahmed_5th_June,4,2024-06-05T11:32:12,,22:00:00,4:30:00,20,1,,,1
25,JKI,18,StressStopp_Ahmed_5_June,4,2024-06-04T17:32:33,,22:00:00,4:30:00,20,1,,,1
25,JKI,17,StressStopp_Ahmed_1st_June,4,2024-06-04T17:04:09,,22:00:00,4:30:00,20,1,,,1
25,JKI,16,FABA_Eti_3R_March27,4,2024-04-09T16:07:01,,22:00:00,4:30:00,20,1,,,1
25,JKI,15,Wheat SouSi-1st run,4,2024-02-19T13:05:56,,22:00:00,4:30:00,20,1,,,1
25,JKI,14,FABA_Eti_3_Nov22,4,2023-11-29T09:30:36,,22:00:00,4:30:00,20,1,,,1
25,JKI,13,FABA_Eti_2_oct9,4,2023-10-10T15:24:10,,22:00:00,4:30:00,20,1,,,1
25,JKI,12,FABA_Eti,4,2023-08-21T13:48:09,2023-10-04T10:38:57,22:00:00,5:30:00,20,1,,,1
25,JKI,11,speed_Jasper_2,4,2023-06-19T11:37:57,2023-07-03T07:51:29,22:00:00,4:30:00,20,1,,,1
25,JKI,10,speed_breeding_Jasper,4,2023-06-07T16:07:27,2023-06-19T11:36:53,22:00:00,4:30:00,20,1,,,1
25,JKI,9,WheatFACE_2,4,2022-11-22T14:53:23,2023-03-22T11:19:36,22:00:00,4:30:00,20,1,,,1
25,JKI,8,Test_Gewicht,4,2022-11-16T09:39:27,2022-11-22T14:53:01,22:00:00,4:30:00,20,1,,,1
25,JKI,7,WheatFACE,4,2022-09-15T15:23:42,2022-11-07T07:31:21,22:00:00,5:00:00,20,1,,,1
25,JKI,6,Geiler Mais,4,2022-08-30T14:55:31,2022-09-15T06:19:04,22:00:00,4:30:00,30,1,,,1
25,JKI,5,TS Biologicals Veronic,4,2022-03-28T16:26:38,2022-06-01T07:44:08,22:00:00,5:00:00,20,1,,,1
25,JKI,4,Anis 1,4,2021-10-25T13:22:30,2022-01-27T09:33:57,22:00:00,4:30:00,20,1,,,1
25,JKI,3,Plant array TS.2,4,2021-07-12T11:42:38,2021-09-28T07:14:27,22:00:00,4:30:00,20,1,,,1
25,JKI,2,Andrea_AL_Primed,4,2021-03-17T12:49:08,2021-06-03T07:25:37,22:00:00,4:30:00,20,1,,,1
25,JKI,1,exp_1,4,2020-11-23T14:21:09,2021-03-17T12:46:32,22:00:00,4:30:00,20,1,,,1
27,MARS,50,ad_border_irrigation,2,2024-07-07T08:41:35,,22:00:00,4:30:00,20,1,,,1
27,MARS,49,ad_DRI2_MCX Rootstock,4,2024-05-14T16:33:26,2024-12-20T13:36:04,22:00:00,4:30:00,20,1,,,1
27,MARS,48,v2 AD-MCX_Rootstock_Trial_Sept23,4,2023-09-11T17:44:03,2024-04-03T12:37:28,22:00:00,4:30:00,20,1,,,1
27,MARS,47,cy-setup test,4,2023-09-07T16:10:30,2023-09-08T08:24:36,22:00:00,4:30:00,20,1,,,1
27,MARS,46,v1 AD-MCX_Rootstock_Trial_Sept23,3,2023-09-08T15:32:35,2023-09-11T17:39:26,22:00:00,5:30:00,20,1,,,1
27,MARS,45,S01ab irrigation leak test,3,2023-05-18T09:49:01,2023-09-08T15:29:47,22:00:00,4:30:00,20,1,,,1
27,MARS,44,SE11b Controller Test,3,2023-04-14T09:34:45,2023-09-08T15:32:04,22:00:00,4:30:00,20,1,,,1
27,MARS,43,cy-matina/admixed-exp2,4,2023-04-01T00:00:29,2023-09-01T16:10:57,22:00:00,4:30:00,20,1,Cameron Yuki,cameron.yuki@effem.com,1
27,MARS,42,cy-matina/admixed-exp1,4,2023-02-01T16:11:56,2023-09-01T14:36:10,22:00:00,5:30:00,20,1,Cameron Yuki,cameron.yuki@effem.com,1
27,MARS,41,sk-experi2-wintertest,1,,,22:00:00,4:30:00,20,1,,,1
27,MARS,40,Matina_Pruning_LargePot,3,2022-10-03T17:52:41,2023-08-21T09:34:54,22:00:00,4:30:00,20,1,,,1
27,MARS,39,sk-experi2-block6,4,2022-12-09T18:17:00,2023-01-15T15:31:10,22:00:00,5:30:00,20,1,Sire Kassama,skassama@ucdavis.edu,1
27,MARS,38,sk-experi2-block5,4,2022-10-22T08:29:09,2022-12-06T14:35:37,22:00:00,4:30:00,20,1,Sire Kassama,skassama@ucdavis.edu,1
27,MARS,37,sk-experi2-block4,4,2022-09-01T08:18:11,,22:00:00,5:30:00,20,1,Sire Kassama,skassama@ucdavis.edu,1
27,MARS,36,sk-exper2-soils,4,2022-05-26T10:17:35,,22:00:00,5:00:00,20,1,Sire Kassama,skassama@ucdavis.edu,1
27,MARS,35,ad-Matina-Criollo-LargePot-Setup_April25_2022,4,2022-04-25T18:07:41,,22:00:00,4:30:00,20,1,,,1
27,MARS,34,ad-Matina-Criollo-LargePot-Setup_April19_2022,4,2022-04-21T15:47:26,,22:00:00,4:30:00,20,1,,,1
27,MARS,33,ad-Matina-Criollo-LargePot-Setup_April15_2022,4,2022-04-15T16:54:31,,22:00:00,4:30:00,20,1,,,1
27,MARS,32,ad_Criollo_Matina_long_trial_batch3_4.12.22,4,2022-04-14T16:00:11,,22:00:00,4:30:00,20,1,,,1
27,MARS,31,sk-experi2-sensor,4,2022-04-11T10:54:24,2022-05-25T10:03:06,22:00:00,4:30:00,20,1,Sire Kassama,sire.kassama@effem.com,1
27,MARS,30,sk-experi2-block3,4,2022-07-13T15:02:52,2022-08-27T08:05:15,22:00:00,4:30:00,20,1,Sire Kassama,skassama@ucdavis.edu,1
27,MARS,29,sk-experi2-block2,4,2022-05-27T10:17:45,2022-07-11T06:31:19,22:00:00,5:30:00,20,1,Sire Kassama,skassama@ucdavis.edu,1
27,MARS,28,sk-experi2-block1,4,2022-04-13T09:18:00,2022-05-25T09:59:20,22:00:00,4:30:00,20,1,Sire Kassama,sire.kassama@efem.com,1
27,MARS,27,ad-Matina-Criollo-LargePot-Stress-Study_April5_2022,4,2022-04-05T15:51:38,,22:00:00,4:30:00,20,1,Ashley,,1
27,MARS,26,ad-Criollo_Matina_long_trial,4,2022-04-08T18:01:25,,22:00:00,4:30:00,20,1,Ashley,ashley.duval@effem.com,1
27,MARS,25,sk-water-large,4,2022-03-17T13:44:54,2022-03-25T14:57:13,22:00:00,6:30:00,20,1,,skassama@ucdavis.edu,1
27,MARS,24,cb-turface-test,4,2022-03-15T11:19:47,2022-04-08T08:18:05,22:00:00,6:30:00,20,1,Christopher Brown,,1
27,MARS,23,sk-soil-test-02-14-2022,4,2022-03-10T13:28:18,2022-04-08T08:34:51,22:00:00,6:30:00,20,1,Sire Kassama,skassama@ucdavis.edu,1
27,MARS,22,calibration-cb-turface-test,4,2022-03-10T14:01:29,2022-03-15T11:19:18,22:00:00,6:30:00,20,1,Christopher Brown,,1
27,MARS,21,calibration-sk-soil-test-02-14-2022,4,2022-02-23T09:41:55,2022-03-10T13:17:13,22:00:00,6:30:00,20,1,Sire Kassama,skassama@ucdavis.edu,1
27,MARS,20,sk-soil-test-02-14-2022,1,,,22:00:00,6:30:00,20,1,Sire Kassama,skassama@ucdavis.edu,1
27,MARS,19,sk-winter-test,4,2022-01-03T12:24:16,2022-04-08T08:51:17,22:00:00,6:30:00,20,1,Sire Kassama,skassama@ucdavis.edu,1
27,MARS,18,sk-block5,4,2021-11-01T10:36:37,2022-01-03T12:16:34,22:00:00,5:00:00,20,1,Sire Kassama,skassama@ucdavis.edu,1
27,MARS,17,sk-block5-calibrate,4,2021-10-27T12:45:26,2021-11-01T10:35:07,22:00:00,5:00:00,20,1,Sire Kassama,skassama@ucdavis.edu,1
27,MARS,16,sk-block4,4,2021-09-20T09:44:18,2021-10-26T08:49:23,22:00:00,5:00:00,20,1,,,1
27,MARS,15,copy of ad-rootstock1-baseline,4,2021-08-20T10:25:47,2022-03-14T13:13:36,22:00:00,4:30:00,20,1,,,1
27,MARS,14,ad-rootstock1-baseline,4,2021-08-10T17:37:55,2021-08-20T10:20:48,22:00:00,4:30:00,20,1,,,1
27,MARS,13,sk-block3,4,2021-08-09T09:26:10,2021-09-11T15:53:46,22:00:00,5:30:00,20,1,,skassama@ucdavis.edu,1
27,MARS,12,sk-calibrate,4,2021-09-14T09:03:41,2021-09-20T07:46:01,22:00:00,5:00:00,20,1,,,1
27,MARS,11,sk-block3-cal,4,2021-08-05T14:49:18,2021-08-09T09:25:18,22:00:00,4:30:00,20,1,,skassama@ucdavis.edu,1
27,MARS,10,sk-block2,4,2021-06-30T16:22:47,2021-08-04T08:10:20,22:00:00,4:30:00,20,1,Sire Kassama,skassama@ucdavis.edu,1
27,MARS,9,OP PA 107_large pots,4,2021-06-07T09:36:58,2021-08-10T17:36:07,22:00:00,4:30:00,20,1,,,1
27,MARS,8,sk-block1-redo,4,2021-05-23T10:59:24,2021-06-24T08:45:40,22:00:00,4:30:00,20,1,Sire Kassama,skassama@ucdavis.edu,1
27,MARS,7,sk-block1,4,2021-05-12T10:00:37,,22:00:00,4:30:00,20,1,Sire Kassama,skassama@ucdavis.edu,1
27,MARS,6,sk-drought-test,4,2021-05-04T13:12:35,2021-05-11T08:39:14,22:00:00,4:30:00,20,1,,skassama@ucdavis.edu,1
27,MARS,5,sk-drought-test,4,2021-05-04T10:55:29,,22:00:00,4:30:00,20,1,,skassama@ucdavis.edu,1
27,MARS,4,OP PA107,4,2021-04-16T15:07:58,2021-05-04T10:55:23,22:00:00,4:30:00,20,1,Ashley Duval,ashley.duval@effem.com,1
27,MARS,3,copy of soil test,4,2021-04-02T11:09:23,2021-04-16T13:16:35,22:00:00,12:00:00,20,1,,skassama@ucdavis.edu,1
27,MARS,2,soil test,4,2021-04-02T11:01:35,2021-04-02T11:03:59,22:00:00,4:30:00,20,1,,skassama@ucdavis.edu,1
27,MARS,1,exp_1,4,2021-03-29T09:53:32,2021-04-02T11:00:36,22:00:00,4:30:00,20,1,,,1
29,AgriGeos S.R.L.,109,SCR-EFF-076-2024-01,4,2025-01-09T12:15:48,2025-02-05T17:38:49,22:00:00,4:30:00,20,1,,,1
29,AgriGeos S.R.L.,108,SCR-EFF-075-2024-01,4,2024-12-05T12:42:27,2025-01-09T11:04:35,22:00:00,4:30:00,20,1,None,None,1
29,AgriGeos S.R.L.,107,SCR-EFF-066-2024-01_Lettuce,4,2024-11-06T14:53:49,2024-12-05T12:36:11,22:00:00,4:30:00,20,1,,,1
29,AgriGeos S.R.L.,106,SCR-EFF-019-2024-01,3,2024-09-30T10:22:31,2024-10-31T12:55:57,22:00:00,4:30:00,20,1,,,1
29,AgriGeos S.R.L.,105,SCR-EFF-015-2024-01,3,2024-09-30T10:22:40,2024-10-31T12:56:55,22:00:00,4:30:00,20,1,,,1
29,AgriGeos S.R.L.,104,SCR-EFF-052-2024-01_CORN,4,2024-07-29T09:20:47,,22:00:00,4:30:00,20,1,,,1
29,AgriGeos S.R.L.,103,SCR-EFF-039-2024-01,4,2024-06-19T13:00:52,,22:00:00,4:30:00,20,1,,,1
29,AgriGeos S.R.L.,102,SCR-EFF-044-2024-01,4,2024-06-19T12:53:40,2024-07-29T09:19:53,22:00:00,4:30:00,20,1,,,1
29,AgriGeos S.R.L.,101,SCR-EFF-036-2024-01,4,2024-05-23T16:12:21,,22:00:00,4:30:00,20,1,,,1
29,AgriGeos S.R.L.,100,SCR-EFF-019-2024-02 Fertilization,4,2024-04-30T10:03:59,,22:00:00,4:30:00,20,1,,,1
29,AgriGeos S.R.L.,99,Pot weight,4,2024-04-23T09:31:34,,22:00:00,4:30:00,20,1,,,1
29,AgriGeos S.R.L.,98,SPIDAP,4,2024-04-08T11:47:58,,22:00:00,4:30:00,20,1,,,1
29,AgriGeos S.R.L.,97,PAR-001-2024-01,4,2024-03-20T16:03:56,,22:00:00,4:30:00,20,1,,,1
29,AgriGeos S.R.L.,96,PAR-007-2023-CUC-DRS-01,4,2024-02-02T11:26:11,,22:00:00,4:30:00,20,1,,,1
29,AgriGeos S.R.L.,95,Buffer experiment,4,2024-02-02T11:26:17,,22:00:00,4:30:00,20,1,,,1
29,AgriGeos S.R.L.,94,PAR-006-2023-01-TOM-DRS,4,2024-02-02T11:04:14,,22:00:00,4:30:00,20,1,,,1
29,AgriGeos S.R.L.,93,copy of Cleaning,4,2024-01-23T10:45:04,,22:00:00,4:30:00,20,1,,,1
29,AgriGeos S.R.L.,92,Tomato ToMV drought (3),4,2023-10-05T17:29:01,2023-12-05T10:55:03,22:00:00,4:30:00,20,1,,,1
29,AgriGeos S.R.L.,91,PAR-005-2023-01-CUC-DRS,4,2023-09-19T11:23:41,,22:00:00,4:30:00,20,1,,,1
29,AgriGeos S.R.L.,90,Tomato ToMV drought,4,2023-09-19T10:28:56,2023-10-04T17:17:02,22:00:00,4:30:00,20,1,,,1
29,AgriGeos S.R.L.,89,Tomato ToMV drought,4,2023-09-19T08:53:17,2023-09-19T10:28:40,22:00:00,4:30:00,20,1,,,1
29,AgriGeos S.R.L.,88,PAR-004-2023-SOY-DRS-01,4,2023-05-30T15:05:49,2023-07-03T09:03:08,22:00:00,4:30:00,20,1,,,1
29,AgriGeos S.R.L.,87,PAR-003-2023-PEP-SAL-01,4,2023-03-17T15:01:50,2023-05-02T10:49:04,22:00:00,4:30:00,20,1,,,1
29,AgriGeos S.R.L.,86,PAR-002-2023-LET-SAL-01,4,2023-03-09T16:30:44,2023-04-28T11:50:01,22:00:00,4:30:00,20,1,,,1
29,AgriGeos S.R.L.,85,PAR-01-2023-01-GAR,4,2023-01-23T11:27:32,2023-04-13T08:16:10,22:00:00,4:30:00,20,1,,,1
29,AgriGeos S.R.L.,84,PAR-12-2022-01-FRA-FUS,4,2022-12-14T17:01:38,2023-01-20T09:29:50,22:00:00,4:30:00,20,1,,,1
29,AgriGeos S.R.L.,83,PAR-11-2022-01-NEM,4,2022-12-13T11:47:33,2023-03-09T12:33:42,22:00:00,4:30:00,20,1,,,1
29,AgriGeos S.R.L.,82,PAR-10-2022-01,4,2022-11-29T16:57:29,2022-12-13T11:15:23,22:00:00,4:30:00,20,1,,,1
29,AgriGeos S.R.L.,81,PAR-09-2022-01,4,2022-11-24T15:55:23,2022-12-13T11:14:39,22:00:00,4:30:00,20,1,,,1
29,AgriGeos S.R.L.,80,copy of PAR-08-2022-COR-DRT_NO,4,2022-10-11T15:37:50,2022-11-24T14:49:18,22:00:00,4:30:00,20,1,,,1
29,AgriGeos S.R.L.,79,PAR-08-2022-COR-DRT_NO,4,2022-10-04T08:05:48,2022-10-11T15:30:10,22:00:00,4:30:00,20,1,,,1
29,AgriGeos S.R.L.,78,PAR-07-2022-TOM-DRT-01,4,2022-09-21T00:01:00,2022-10-25T07:21:03,22:00:00,4:30:00,20,1,,,1
29,AgriGeos S.R.L.,77,Cleaning august 22,4,2022-08-05T14:01:55,2022-09-21T14:37:25,22:00:00,4:30:00,20,1,,,1
29,AgriGeos S.R.L.,76,NEM_TOMATO_2,4,2022-07-02T12:02:03,2022-08-03T11:12:14,22:00:00,5:00:00,20,1,,,1
29,AgriGeos S.R.L.,75,PAR-06-2022-TOM-DRS,4,2022-06-22T05:00:00,2022-07-28T11:07:02,22:00:00,5:00:00,20,1,,,1
29,AgriGeos S.R.L.,74,PAR-05-2022-COR-DRS,4,2022-06-23T18:00:00,2022-07-26T08:11:15,22:00:00,5:00:00,20,1,,,1
29,AgriGeos S.R.L.,73,PAR-03-2022-01-TOM-HTS,4,2022-05-18T13:15:39,2022-06-15T10:58:40,22:00:00,4:30:00,20,1,,,1
29,AgriGeos S.R.L.,72,PAR-04-2022-01-COR-HTS,4,2022-05-19T09:34:07,2022-06-15T10:58:04,22:00:00,4:30:00,20,1,,,1
29,AgriGeos S.R.L.,71,copy of PAR-03-2022-01-TOM-HTS,1,,,22:00:00,4:30:00,20,1,,,1
29,AgriGeos S.R.L.,70,PAR-03-2022-01-TOM-HTS,1,,,22:00:00,4:30:00,20,1,,,1
29,AgriGeos S.R.L.,69,copy of POT SATURATION,4,2022-05-09T16:58:40,2022-05-18T12:49:20,22:00:00,4:30:00,20,1,,,1
29,AgriGeos S.R.L.,68,VAL_TOMATO_HEAT,4,2022-05-09T16:40:23,2022-05-18T12:48:44,22:00:00,4:30:00,20,1,,,1
29,AgriGeos S.R.L.,67,POT SATURATION,4,2022-05-06T17:37:50,2022-05-09T16:32:47,22:00:00,4:30:00,20,1,,,1
29,AgriGeos S.R.L.,66,PAR-02-2022-01-COR-DRT,4,2022-04-08T16:35:20,2022-05-04T09:15:36,22:00:00,4:30:00,20,1,,,1
29,AgriGeos S.R.L.,65,PAR-02-2022-01-RCE-DRS,4,2022-03-21T11:00:07,2022-04-20T15:14:28,22:00:00,4:30:00,20,1,,,1
29,AgriGeos S.R.L.,64,PAR-01-2022-01-TOM-DRT,4,2022-02-16T16:55:56,2022-04-07T09:43:43,22:00:00,4:30:00,20,1,,,1
29,AgriGeos S.R.L.,63,SIP_TOM_PAR....(pre),4,2022-01-20T10:52:39,2022-03-09T09:42:41,22:00:00,4:30:00,20,1,,,1
29,AgriGeos S.R.L.,62,VAL_TOM (PAR-DRS-004-2021-05),4,2022-01-03T15:20:06,2022-02-15T14:39:23,22:00:00,4:30:00,20,1,,,1
29,AgriGeos S.R.L.,61,JAN_LETTUCE (PAR-DRT-002-2021-03),4,2021-12-15T09:17:50,2022-01-25T12:26:40,22:00:00,4:30:00,20,1,,,1
29,AgriGeos S.R.L.,60,pre-JAN_LETTUCE (PAR-DRT-002-2021-03),4,2021-12-13T16:18:08,2021-12-15T09:17:15,22:00:00,4:30:00,20,1,,,1
29,AgriGeos S.R.L.,59,NEMATODES (PAR-SCR-007-2021-01),4,2021-11-12T12:16:40,2022-01-10T13:22:01,22:00:00,4:30:00,20,1,,,1
29,AgriGeos S.R.L.,58,CBC_PEPPER (PAR-DRT-006-2021-01),4,2021-11-04T16:27:19,2021-12-13T09:43:24,22:00:00,4:30:00,20,1,,,1
29,AgriGeos S.R.L.,57,JAN_PEPPER (PAR-DRT-002-2021-02),4,2021-11-04T16:26:48,2021-12-23T23:36:43,22:00:00,4:30:00,20,1,,,1
29,AgriGeos S.R.L.,56,Cleaning,4,2021-11-04T10:01:47,2021-11-04T16:18:33,22:00:00,4:30:00,20,1,,,1
29,AgriGeos S.R.L.,55,PAR-HTS-004-2021-05 (Lettuce),4,2021-10-04T18:14:22,2021-11-03T15:31:16,22:00:00,4:30:00,20,1,,,1
29,AgriGeos S.R.L.,54,PAR-HTS-005-2021-04 (Pepper),4,2021-10-04T18:04:34,2021-11-03T15:09:49,22:00:00,4:30:00,20,1,,,1
29,AgriGeos S.R.L.,53,PAR-HTS-005-2021-01 (Corn),4,2021-10-02T03:00:31,2021-11-03T16:00:10,22:00:00,4:30:00,20,1,,,1
29,AgriGeos S.R.L.,52,PAR-HTS-005-2021-02,4,2021-09-27T11:08:31,2021-09-29T15:43:20,22:00:00,4:30:00,20,1,,,1
29,AgriGeos S.R.L.,51,PAR-HST-005-2021-03 (Soybean),4,2021-09-24T18:14:39,2021-11-03T15:37:23,22:00:00,4:30:00,20,1,,,1
29,AgriGeos S.R.L.,50,PAR-DRS-004-2021-05,4,2021-09-03T10:48:36,2021-10-04T10:08:20,22:00:00,4:30:00,20,1,,,1
29,AgriGeos S.R.L.,49,PAR-DRS-004-2021-04,4,2021-08-24T09:51:08,2021-09-01T10:09:51,22:00:00,4:30:00,20,1,,,1
29,AgriGeos S.R.L.,48,PAR-DRS-004-2021-03,4,2021-08-16T14:14:24,2021-09-24T16:51:44,22:00:00,4:30:00,20,1,,,1
29,AgriGeos S.R.L.,47,DrainageNOSTOP,2,2021-07-23T15:50:42,,22:00:00,4:30:00,20,1,,,1
29,AgriGeos S.R.L.,46,PAR-DRS-004-2021-02 (pre),4,2021-07-22T11:01:28,2021-09-24T16:50:38,22:00:00,4:30:00,20,1,,,1
29,AgriGeos S.R.L.,45,PAR-DRS-004-2021-01 (pre),4,2021-07-22T11:22:07,2021-08-23T09:10:54,22:00:00,4:30:00,20,1,,,1
29,AgriGeos S.R.L.,44,PAR-DRS-003-2021-03,4,2021-06-24T17:59:08,2021-08-13T14:55:10,22:00:00,4:30:00,20,1,,,1
29,AgriGeos S.R.L.,43,PAR-DRS-003-2021-03 (pre),4,2021-06-17T18:21:27,2021-06-24T17:58:28,22:00:00,4:30:00,20,1,,,1
29,AgriGeos S.R.L.,42,Drainage,4,2021-06-09T18:23:44,2021-06-28T18:29:15,22:00:00,4:30:00,20,1,,,1
29,AgriGeos S.R.L.,41,PAR-DRS-003-2021-02,4,2021-06-01T19:38:06,2021-07-14T07:34:18,22:00:00,4:30:00,20,1,,,1
29,AgriGeos S.R.L.,40,PAR-DRS-003-2021-01,4,2021-06-01T19:38:01,2021-07-16T15:04:26,22:00:00,4:30:00,20,1,,,1
29,AgriGeos S.R.L.,39,PAR-DRS-003-2021-01-pre,4,2021-05-28T19:05:12,2021-06-01T19:37:43,22:00:00,4:30:00,20,1,,,1
29,AgriGeos S.R.L.,38,PAR-DRT-002-2021-01,4,2021-04-30T20:47:56,2021-06-16T15:01:08,22:00:00,5:00:00,20,1,,,1
29,AgriGeos S.R.L.,37,PAR-DRT-002-2021-01 (pre),4,2021-04-27T17:58:05,2021-04-30T20:47:18,22:00:00,5:00:00,20,1,,,1
29,AgriGeos S.R.L.,36,PAR-DRS-001-2021-01,4,2021-04-26T16:02:55,2021-05-28T10:53:29,22:00:00,4:30:00,20,1,,,1
29,AgriGeos S.R.L.,35,PAR-DRS-001-2021-01 (pre),4,2021-04-20T17:20:58,2021-04-26T16:01:06,22:00:00,5:00:00,20,1,,,1
29,AgriGeos S.R.L.,34,Test impianto,4,2021-04-15T15:36:55,2021-04-15T18:12:14,22:00:00,4:30:00,20,1,,,1
29,AgriGeos S.R.L.,33,PAR-DRS-002-2021-01,4,2021-04-13T18:03:05,2021-04-27T17:58:00,22:00:00,4:30:00,20,1,,,1
29,AgriGeos S.R.L.,32,Pepper,4,2021-04-08T17:28:00,2021-04-19T16:18:36,22:00:00,4:30:00,20,1,,,1
29,AgriGeos S.R.L.,31,Peperone e soia,4,2021-04-01T11:29:59,2021-04-13T09:02:26,22:00:00,4:30:00,20,1,,,1
29,AgriGeos S.R.L.,30,Mais,4,2021-03-31T18:21:16,2021-04-19T16:18:32,22:00:00,4:30:00,20,1,,,1
29,AgriGeos S.R.L.,29,Drench test,4,2021-03-30T16:04:12,2021-04-08T11:54:31,22:00:00,4:30:00,20,1,,,1
29,AgriGeos S.R.L.,28,Tomato5,4,2021-03-22T09:42:25,2021-04-01T11:07:32,22:00:00,4:30:00,20,1,,,1
29,AgriGeos S.R.L.,27,Lattuga e petunia,4,2021-03-22T09:35:02,2021-04-19T16:05:02,22:00:00,4:30:00,20,1,,,1
29,AgriGeos S.R.L.,26,Fragole4,4,2021-03-20T12:09:16,2021-04-15T10:07:24,22:00:00,4:30:00,20,1,,,1
29,AgriGeos S.R.L.,25,Tomato2,4,2021-03-20T12:00:31,,22:00:00,4:30:00,20,1,,,1
29,AgriGeos S.R.L.,24,Fragole3,3,2021-03-20T11:37:50,2021-03-20T12:06:43,22:00:00,4:30:00,20,1,,,1
29,AgriGeos S.R.L.,23,Lattuga,3,2021-03-15T12:30:35,2021-03-22T09:24:43,22:00:00,4:30:00,20,1,,,1
29,AgriGeos S.R.L.,22,Petunia,3,2021-03-15T12:30:38,2021-03-22T09:24:40,22:00:00,4:30:00,20,1,,,1
29,AgriGeos S.R.L.,21,Tomato,3,2021-03-12T16:22:29,2021-03-20T11:46:23,22:00:00,4:30:00,20,1,,,1
29,AgriGeos S.R.L.,20,Pot capacity,3,2021-03-08T17:44:38,2021-03-12T09:11:11,22:00:00,4:30:00,20,1,,,1
29,AgriGeos S.R.L.,19,Fragole2,3,2021-03-08T14:56:07,2021-03-20T11:28:07,22:00:00,4:30:00,20,1,,,1
29,AgriGeos S.R.L.,18,copy of Fragole,1,,,22:00:00,4:30:00,20,1,,,1
29,AgriGeos S.R.L.,17,Valves test_pump D,3,2021-03-08T11:13:41,2021-03-08T13:52:10,22:00:00,4:30:00,20,1,,,1
29,AgriGeos S.R.L.,16,Drainage test,3,2021-03-08T11:03:24,2021-03-08T13:13:42,22:00:00,4:30:00,20,1,,,1
29,AgriGeos S.R.L.,15,Valves test pump C,3,2021-03-05T12:13:24,2021-03-05T12:56:47,22:00:00,4:30:00,20,1,,,1
29,AgriGeos S.R.L.,14,copy of Valves test pump C,3,2021-03-05T12:02:51,2021-03-05T12:12:45,22:00:00,4:30:00,20,1,,,1
29,AgriGeos S.R.L.,13,Valves test pump C,3,2021-03-05T11:38:32,2021-03-05T12:02:44,22:00:00,4:30:00,20,1,,,1
29,AgriGeos S.R.L.,12,Valves test pump B,3,2021-03-05T11:17:18,2021-03-05T11:38:30,22:00:00,4:30:00,20,1,,,1
29,AgriGeos S.R.L.,11,Pot capacity,3,2021-02-25T15:03:09,2021-03-05T12:33:01,22:00:00,4:30:00,20,1,,,1
29,AgriGeos S.R.L.,10,Drainage test 2,1,,,22:00:00,4:30:00,20,1,,,1
29,AgriGeos S.R.L.,9,Drainage test,1,,,22:00:00,4:30:00,20,1,,,1
29,AgriGeos S.R.L.,8,Prova drenaggio,1,,,22:00:00,4:30:00,20,1,,,1
29,AgriGeos S.R.L.,7,Fragole,4,2021-02-16T18:28:07,2021-03-08T14:42:16,22:00:00,4:30:00,20,1,,,1
29,AgriGeos S.R.L.,6,copy of Test A,3,2021-02-08T17:10:00,2021-02-15T14:52:21,22:00:00,4:30:00,20,1,,,1
29,AgriGeos S.R.L.,2,Testing,3,2021-02-02T10:32:13,2021-02-02T12:40:14,22:00:00,4:30:00,20,1,,,1
29,AgriGeos S.R.L.,1,exp_1,3,2021-02-02T09:38:48,2021-02-02T10:09:27,22:00:00,4:30:00,20,1,,,1
33,Lizzy (iCore),36,lettuce salt_drought_cutting Dec,4,2024-12-12T12:45:13,2025-01-20T09:47:48,22:00:00,4:30:00,20,1,None,None,1
33,Lizzy (iCore),35,noise check 2024 nov,4,2024-11-25T13:45:49,2024-12-12T12:42:58,22:00:00,4:30:00,20,1,,,1
33,Lizzy (iCore),34,"Exp 14,  R13, fo47_1A",4,2024-06-02T14:53:04,,22:00:00,4:30:00,20,1,,,1
33,Lizzy (iCore),33,Barley Jan2024,4,2024-01-08T12:31:44,,22:00:00,4:30:00,20,1,,,1
33,Lizzy (iCore),32,Exp13 MM MT fo47_1A,4,2023-09-06T21:11:14,,22:00:00,4:30:00,20,1,,,1
33,Lizzy (iCore),31,Exp12 Jun23,4,2023-06-01T13:03:15,2023-07-10T12:31:02,22:00:00,4:30:00,20,1,,,1
33,Lizzy (iCore),30,Exp 11 fus and mm mt Apr23,4,2023-04-13T13:46:39,2023-05-20T20:56:21,22:00:00,4:30:00,20,1,,,1
33,Lizzy (iCore),29,Exp10 MM MT control,4,2023-03-08T20:24:33,2023-04-11T05:57:30,22:00:00,4:30:00,20,1,,,1
33,Lizzy (iCore),28,"fus and 2118,2114 exp9 Jan23",4,2022-12-22T14:48:07,2023-02-03T11:01:07,22:00:00,4:30:00,20,1,,,1
33,Lizzy (iCore),27,Empty pots noise check,4,2022-12-18T20:18:43,2022-12-22T14:01:17,22:00:00,4:30:00,20,1,,,1
33,Lizzy (iCore),26,2nd noise check,4,2022-12-05T13:01:35,2022-12-15T10:41:51,22:00:00,4:30:00,20,1,,,1
33,Lizzy (iCore),25,Shani Bath [Nov22],4,2022-10-26T13:43:06,2022-11-27T11:09:41,3:50:00,4:30:00,20,1,,,1
33,Lizzy (iCore),24,Nir Bath-2[Oct22],4,2022-10-06T14:51:21,2022-10-09T13:24:15,3:50:00,4:30:00,20,1,,,1
33,Lizzy (iCore),23,Nir Bath[Oct22],4,2022-10-06T12:11:40,2022-10-06T12:22:30,3:50:00,4:30:00,20,1,,,1
33,Lizzy (iCore),22,Nir Bath[Sep22[,4,2022-09-18T17:23:47,2022-09-24T13:15:20,3:50:00,4:30:00,20,1,,,1
33,Lizzy (iCore),21,Shani experiment 8th [June 22],4,2022-06-23T21:23:07,2022-08-08T11:49:25,3:50:00,4:30:00,20,1,,,1
33,Lizzy (iCore),20,Noise check Shani 8th,4,2022-06-21T22:18:16,2022-06-23T21:21:27,3:50:00,4:30:00,20,1,,,1
33,Lizzy (iCore),19,Shani experiment 7th [May 2022],4,2022-05-09T14:38:34,2022-06-09T09:42:35,3:50:00,4:30:00,20,1,Shani,,1
33,Lizzy (iCore),18,Shani noise check [May22],4,2022-05-04T10:00:38,2022-05-09T14:38:07,3:30:00,4:30:00,20,1,,,1
33,Lizzy (iCore),17,Matanel Potato [Feb 22],4,2022-02-22T13:00:50,2022-03-13T16:13:22,3:50:00,4:30:00,20,1,,,1
33,Lizzy (iCore),16,Matanel Potato [January 22],4,2022-01-02T14:45:13,2022-02-16T14:32:05,3:50:00,4:30:00,20,1,,,1
33,Lizzy (iCore),15,Experiment 6 [Nov 21],4,2021-11-19T11:13:52,2021-12-29T08:34:52,3:50:00,4:30:00,20,1,Shani,,1
33,Lizzy (iCore),14,R13 Experiment 5B post[Oct 21],4,2021-11-16T10:51:42,2021-12-28T11:21:57,3:50:00,4:30:00,20,1,,,1
33,Lizzy (iCore),13,R13 Experiment 5B [Oct 21],4,2021-10-13T13:13:19,2021-11-16T10:48:50,3:50:00,4:30:00,20,1,,,1
33,Lizzy (iCore),12,Noise R13 pre-experiment,4,2021-10-10T13:01:42,2021-10-13T13:13:02,22:00:00,4:30:00,20,1,,,1
33,Lizzy (iCore),11,M82 Experiment 5A [Oct 21],4,2021-10-03T15:14:10,2021-11-11T17:40:37,3:50:00,4:30:00,20,1,,,1
33,Lizzy (iCore),10,Shani Experiment 4th Aug21,4,2021-08-05T04:00:37,2021-08-29T12:00:00,3:30:00,4:30:00,20,1,,,1
33,Lizzy (iCore),9,Shani Experiment 3rd June21,4,2021-06-23T12:25:55,2021-07-29T15:49:24,3:30:00,4:30:00,20,1,,,1
33,Lizzy (iCore),8,a06b,4,2021-06-21T14:38:49,2021-06-23T12:25:31,22:00:00,4:30:00,20,1,,,1
33,Lizzy (iCore),7,Shani Experiment 2nd May21,4,2021-05-19T14:35:59,2021-06-14T16:24:17,3:30:00,4:30:00,20,1,,,1
33,Lizzy (iCore),6,Shani new noise check,4,2021-05-07T10:29:57,2021-05-19T14:27:59,3:30:00,4:30:00,20,1,,,1
33,Lizzy (iCore),5,Growth table,4,2021-04-20T16:34:36,2023-02-28T14:53:58,3:50:00,4:30:00,20,1,,,1
33,Lizzy (iCore),4,Experiment 1st April21,4,2021-04-01T11:04:40,2021-05-07T10:29:36,3:30:00,4:30:00,20,1,,,1
33,Lizzy (iCore),3,Pre-experiment 1st March21,4,2021-03-29T15:51:52,2021-04-01T11:04:34,3:30:00,4:30:00,20,1,,,1
33,Lizzy (iCore),2,Shani noise check,4,2021-03-19T09:32:27,2021-03-29T15:51:20,3:30:00,4:30:00,20,1,,,1
35,ResAgraria,15,Corn_UPM_RA 25 001 BNS IT 01,4,2025-01-27T15:53:02,2025-02-24T09:26:41,22:00:00,5:00:00,20,1,Res Agraria S.r.l.,info@resagraria.com,1
35,ResAgraria,14,Wheat_Vitalia_RA 24 070 BNS IT 01,4,2024-11-13T16:51:59,2024-12-20T14:53:09,22:00:00,4:30:00,20,1,,,1
35,ResAgraria,13,Corn_Vitalia_RA 24 011 BNS IT 01,4,2024-07-11T15:42:18,2024-08-08T10:07:02,22:00:00,4:30:00,20,1,Res Agraria S.r.l.,info@resagraria.com,1
35,ResAgraria,12,Corn Solargo_Drought Stress_UPM,4,2024-06-14T16:48:30,,22:00:00,4:30:00,20,1,,,1
35,ResAgraria,11,Tomato Umostart-sipacm,4,2024-05-09T16:09:26,,8:30:00,7:30:00,20,1,Res Agraria,,1
35,ResAgraria,10,corn tricoderma,4,2024-03-14T16:08:54,,9:00:00,1:30:00,20,1,,,1
35,ResAgraria,9,mais tricoderma,1,,,22:00:00,4:30:00,20,1,,,1
35,ResAgraria,8,Porro trial,4,2023-09-28T15:56:04,,22:00:00,4:30:00,20,1,,,1
35,ResAgraria,7,internal trial,4,2022-09-13T15:34:24,2022-11-10T12:46:57,15:00:00,16:30:00,20,1,,,1
35,ResAgraria,6,sol 900 mais,4,2022-03-01T12:31:44,2022-03-21T09:08:28,6:00:00,7:30:00,20,1,,,1
35,ResAgraria,5,M sol 900,4,2022-02-28T17:27:10,2022-03-01T12:20:54,6:00:00,7:30:00,20,1,,,1
35,ResAgraria,4,grano sol 900,4,2022-02-02T17:06:55,2022-02-28T14:21:22,6:00:00,7:30:00,20,1,,,1
35,ResAgraria,3,mais sol 2,4,2022-01-10T17:24:13,2022-02-02T09:13:32,6:00:00,8:00:00,20,1,,,1
35,ResAgraria,2,mais rhizo,4,2021-12-07T14:52:34,2022-01-10T17:16:06,9:00:00,10:00:00,20,1,,,1
35,ResAgraria,1,Mais,4,2021-07-29T14:28:49,2021-12-07T14:50:45,10:00:00,9:30:00,20,1,,,1
36,WUR-NPEC,39,Disinfecting February 2025,2,2025-03-03T15:17:30,,22:00:00,4:30:00,20,1,,,1
36,WUR-NPEC,38,Testing 31-60 December 2024,3,2024-12-09T10:27:41,2025-03-03T15:06:47,22:00:00,4:30:00,20,1,,,1
36,WUR-NPEC,37,Drain all tables,2,2024-10-28T07:40:33,,22:00:00,4:30:00,20,1,,,1
36,WUR-NPEC,36,Francisco Drought Corn October 2024,4,2024-10-15T08:46:23,2025-03-03T15:09:18,22:00:00,4:30:00,20,1,,,1
36,WUR-NPEC,35,Francisco Drought Potato October 2024,4,2024-10-15T08:46:04,2025-03-03T15:14:37,22:00:00,4:30:00,20,1,,,1
36,WUR-NPEC,34,Francisco Drought Corn Potato October 2024,4,2024-10-02T12:34:27,2024-10-15T08:41:15,22:00:00,4:30:00,20,1,,,1
36,WUR-NPEC,33,Drainage Table 4,4,2024-06-14T14:12:15,2024-10-02T12:30:19,22:00:00,4:30:00,20,1,,,1
36,WUR-NPEC,32,M. javanica early detection tomato,4,2024-06-21T17:52:49,2024-10-02T12:32:18,22:00:00,4:30:00,20,1,,,1
36,WUR-NPEC,31,Onion Drought Stress David,4,2024-03-27T13:21:34,,22:00:00,4:30:00,20,1,,,1
36,WUR-NPEC,30,"Drainage table 1,2,3,4",4,2023-09-06T10:41:44,,22:00:00,4:30:00,20,1,,,1
36,WUR-NPEC,29,Tomato heat stress,4,2023-09-06T15:58:23,,22:00:00,4:30:00,20,1,,,1
36,WUR-NPEC,28,Strawberry,4,2023-07-07T10:59:21,2023-08-15T08:58:48,22:00:00,4:30:00,20,1,None,None,1
36,WUR-NPEC,27,Ravesloot stadsbomen May 2023,4,2023-05-17T13:27:14,2023-07-07T12:40:58,22:00:00,5:00:00,20,1,,,1
36,WUR-NPEC,26,Drainage table 1,4,2023-04-28T13:13:29,2023-07-27T15:56:28,22:00:00,4:30:00,20,1,,,1
36,WUR-NPEC,25,Aerts Tomato May 2023,4,2023-04-28T12:54:06,2023-07-17T11:47:41,22:00:00,4:30:00,20,1,,,1
36,WUR-NPEC,24,Drain_table-2_3_4,4,2023-04-02T12:55:13,2023-04-28T13:08:20,22:00:00,4:30:00,20,1,,,1
36,WUR-NPEC,23,Enza Lettuce,4,2023-03-30T11:54:45,2023-04-28T13:09:11,22:00:00,3:30:00,20,1,,,1
36,WUR-NPEC,22,Drainage table 5 and 6,4,2023-03-23T12:50:51,2024-10-25T09:50:53,22:00:00,4:30:00,20,1,,,1
36,WUR-NPEC,21,Aerts Tomato Shadow March '23,4,2023-03-20T10:08:09,2023-04-28T10:53:15,22:00:00,3:30:00,20,1,,,1
36,WUR-NPEC,20,Ravesloot Stadsbomen March '23,4,2023-03-21T15:31:58,2023-05-16T12:51:16,22:00:00,3:30:00,20,1,,,1
36,WUR-NPEC,19,Ravesloot Stadsbomen Dec '22,4,2022-12-13T14:27:27,2023-03-13T10:02:28,22:00:00,4:30:00,20,1,,,1
36,WUR-NPEC,18,Ravesloot stadsbomen november '22,4,2022-11-09T10:15:29,2022-12-06T13:31:15,22:00:00,0:00:00,20,1,,,1
36,WUR-NPEC,17,Pilot stadsbomen,4,2022-09-09T09:09:54,2023-03-14T11:16:35,22:00:00,4:30:00,20,1,,,1
36,WUR-NPEC,16,Barenbrug gras,4,2022-08-22T13:13:58,2022-10-20T10:55:39,22:00:00,14:24:00,20,1,,,1
36,WUR-NPEC,15,FP_20220701_ID20_arabidopsis,4,2022-07-07T14:28:27,2022-08-11T14:03:55,22:00:00,1:30:00,20,1,,,1
36,WUR-NPEC,14,Potato drought_round3_Lucia,4,2022-03-04T15:12:57,2022-04-13T11:01:13,22:00:00,12:33:00,20,1,None,None,1
36,WUR-NPEC,13,Target weight test 5 pots,4,2022-03-03T14:51:02,2022-03-04T15:12:46,23:00:00,1:30:00,15,1,,,1
36,WUR-NPEC,12,Target weight test,4,2022-01-19T16:48:26,2022-02-28T10:52:30,11:00:00,10:30:00,20,1,,,1
36,WUR-NPEC,11,Potato drought_round2_Lucia,4,2022-01-12T09:29:23,2022-02-16T12:33:17,22:00:00,4:30:00,20,1,,,1
36,WUR-NPEC,10,Potato_drought_round2_Lucia,4,2022-01-12T08:25:24,2022-01-12T09:29:15,22:00:00,4:30:00,20,1,,,1
36,WUR-NPEC,9,Potato_drought_ round1_Lucia,4,2021-12-08T14:00:13,2022-01-11T09:09:35,17:30:00,4:30:00,20,1,David Brink,david1.brink@wur.nl,1
36,WUR-NPEC,8,Potato drought 2021,4,2021-12-02T14:45:24,2021-12-08T08:47:45,22:00:00,4:30:00,20,1,,,1
36,WUR-NPEC,7,Testen_nauwkeurigheid_20210817,4,2021-08-17T16:29:30,2021-12-02T14:33:28,22:00:00,4:30:00,20,1,,,1
36,WUR-NPEC,6,Quinoa_2021_Timeblock_4,4,2021-07-13T10:24:15,2021-08-17T16:28:52,23:00:00,4:30:00,20,1,,,1
36,WUR-NPEC,5,Quinoa_2021_Timeblock_3,4,2021-06-25T11:15:05,2021-07-13T08:21:32,23:00:00,4:30:00,20,1,Robert van Loo,robert.vanloo@wur.nl,1
36,WUR-NPEC,4,Quinoa_2021_Timeblock_2,4,2021-06-11T11:17:29,2021-06-25T08:38:06,23:00:00,3:30:00,20,1,Robert van Loo,robert.vanloo@wur.nl,1
36,WUR-NPEC,3,Quinoa_2021_Timeblock_1,4,2021-05-28T08:37:06,2021-06-11T06:42:50,22:15:00,3:00:00,20,1,Robert van Loo,robert.vanloo@wur.nl,1
36,WUR-NPEC,2,exp_2,1,,,22:00:00,4:30:00,20,1,,,1
36,WUR-NPEC,1,exp_1,4,2021-01-17T22:51:48,2021-01-18T12:46:39,22:00:00,4:30:00,20,1,,,1
38,Clara Greenhouse,126,Loadcell QA85,4,2025-02-23T12:07:48,2025-02-25T09:04:23,22:00:00,4:30:00,20,1,,,1
38,Clara Greenhouse,125,Loadcell QA84,4,2025-02-16T14:05:53,2025-02-18T08:27:52,22:00:00,4:30:00,20,1,,,1
38,Clara Greenhouse,124,Loadcell QA83,4,2025-02-13T14:46:28,2025-02-16T08:28:26,22:00:00,4:30:00,20,1,,,1
38,Clara Greenhouse,123,Loadcell QA82,4,2025-02-11T13:55:59,2025-02-13T09:13:21,22:00:00,4:30:00,20,1,,,1
38,Clara Greenhouse,122,Loadcell QA81,4,2025-02-09T14:51:53,2025-02-11T08:41:09,22:00:00,4:30:00,20,1,,,1
38,Clara Greenhouse,121,Loadcell QA80,4,2025-02-06T15:18:35,2025-02-09T08:49:43,22:00:00,4:30:00,20,1,,,1
38,Clara Greenhouse,120,Loadcell QA79,4,2025-02-04T17:17:15,2025-02-06T08:57:42,22:00:00,4:30:00,20,1,,,1
38,Clara Greenhouse,119,Loadcell QA78,4,2025-02-02T18:12:37,2025-02-04T08:50:32,22:00:00,4:30:00,20,1,,,1
38,Clara Greenhouse,118,Loadcell QA77,4,2025-01-30T16:41:52,2025-02-02T11:48:24,22:00:00,4:30:00,20,1,,,1
38,Clara Greenhouse,117,Loadcell QA76,4,2024-08-05T14:32:25,,22:00:00,4:30:00,20,1,,,1
38,Clara Greenhouse,116,copy of Loadcell QA75,4,2024-06-20T10:55:45,,22:00:00,4:30:00,20,1,,,1
38,Clara Greenhouse,115,Loadcell QA75,4,2024-06-17T14:16:32,,22:00:00,4:30:00,20,1,,,1
38,Clara Greenhouse,114,Loadcell QA74,4,2024-06-09T11:16:55,,22:00:00,4:30:00,20,1,,,1
38,Clara Greenhouse,113,Loadcell QA73,4,2024-06-06T14:00:04,,22:00:00,4:30:00,20,1,,,1
38,Clara Greenhouse,112,Loadcell QA72,4,2024-06-02T15:44:23,,22:00:00,4:30:00,20,1,,,1
38,Clara Greenhouse,111,Loadcell QA71,4,2024-05-30T15:25:05,,22:00:00,4:30:00,20,1,,,1
38,Clara Greenhouse,110,Loadcell QA70,4,2024-05-28T16:14:10,,22:00:00,4:30:00,20,1,,,1
38,Clara Greenhouse,109,Loadcell QA69,4,2024-05-26T14:48:23,,22:00:00,4:30:00,20,1,,,1
38,Clara Greenhouse,108,Loadcell QA68,4,2024-05-12T12:05:58,,22:00:00,4:30:00,20,1,,,1
38,Clara Greenhouse,107,Loadcell QA67,4,2024-05-05T12:38:15,,22:00:00,4:30:00,20,1,,,1
38,Clara Greenhouse,106,Loadcell QA66,4,2024-05-02T13:41:30,,22:00:00,4:30:00,20,1,,,1
38,Clara Greenhouse,105,Loadcell QA65,4,2024-04-30T15:42:17,,22:00:00,4:30:00,20,1,,,1
38,Clara Greenhouse,104,Loadcell QA64,4,2024-04-25T12:54:46,,22:00:00,4:30:00,20,1,,,1
38,Clara Greenhouse,103,Loadcell QA63,4,2024-04-21T12:03:19,,22:00:00,4:30:00,20,1,,,1
38,Clara Greenhouse,102,Loadcell QA62,4,2024-03-28T15:45:40,,22:00:00,4:30:00,20,1,,,1
38,Clara Greenhouse,101,Loadcell QA61,4,2024-03-24T16:18:31,,22:00:00,4:30:00,20,1,,,1
38,Clara Greenhouse,100,Loadcell QA60,4,2024-03-07T14:04:56,,22:00:00,4:30:00,20,1,,,1
38,Clara Greenhouse,99,Loadcell QA59,4,2024-03-05T13:46:25,,22:00:00,4:30:00,20,1,,,1
38,Clara Greenhouse,98,Loadcell QA58,4,2024-03-03T13:15:18,,22:00:00,4:30:00,20,1,,,1
38,Clara Greenhouse,97,Loadcell QA57,4,2024-02-29T15:15:20,,22:00:00,4:30:00,20,1,,,1
38,Clara Greenhouse,96,Loadcell QA56,4,2024-02-27T12:54:45,,22:00:00,4:30:00,20,1,,,1
38,Clara Greenhouse,95,Loadcell QA55,4,2024-02-25T15:53:58,,22:00:00,4:30:00,20,1,,,1
38,Clara Greenhouse,94,Loadcell QA54,4,2024-02-22T14:30:57,,22:00:00,4:30:00,20,1,,,1
38,Clara Greenhouse,93,Loadcell QA53,4,2024-02-20T13:45:33,,22:00:00,4:30:00,20,1,,,1
38,Clara Greenhouse,92,Loadcell QA52,4,2024-02-18T15:51:40,,22:00:00,4:30:00,20,1,,,1
38,Clara Greenhouse,91,Loadcell QA51,4,2024-02-15T15:08:17,,22:00:00,4:30:00,20,1,,,1
38,Clara Greenhouse,90,Loadcell QA50,4,2024-02-13T13:45:44,,22:00:00,4:30:00,20,1,,,1
38,Clara Greenhouse,89,Loadcell QA49,4,2024-02-11T16:25:32,,22:00:00,4:30:00,20,1,,,1
38,Clara Greenhouse,88,Loadcell QA48,4,2024-02-08T13:08:32,,,4:30:00,20,1,,,1
38,Clara Greenhouse,87,Loadcell QA47,4,2024-02-04T11:16:29,,22:00:00,4:30:00,20,1,,,1
38,Clara Greenhouse,86,Loadcell QA46,4,2024-01-22T11:31:52,,22:00:00,4:30:00,20,1,,,1
38,Clara Greenhouse,85,reset exp test,3,2023-11-29T14:42:43,2024-01-22T10:07:38,22:00:00,4:30:00,20,1,,,1
38,Clara Greenhouse,84,Loadcell QA45,4,2023-10-04T11:50:17,2023-10-19T14:57:41,22:00:00,4:30:00,20,1,,,1
38,Clara Greenhouse,83,Loadcell QA44,4,2023-09-28T15:18:27,2023-10-02T10:42:32,22:00:00,4:30:00,20,1,,,1
38,Clara Greenhouse,82,ResetUnitsCameFromFlorida,4,2023-06-22T14:42:55,,22:00:00,4:30:00,20,1,,,1
38,Clara Greenhouse,81,TomaTo_tensionWeight_2nd round,4,2023-06-15T11:34:52,,22:00:00,4:30:00,20,1,,,1
38,Clara Greenhouse,80,TomaTo_tensionWeight,4,2023-05-22T12:08:19,2023-06-15T09:38:10,22:00:00,4:30:00,20,1,,,1
38,Clara Greenhouse,79,TomaTo,4,2023-05-18T14:25:13,2023-05-22T11:58:53,22:00:00,4:30:00,20,1,,,1
38,Clara Greenhouse,78,water level test 2,4,2023-05-11T11:22:00,2023-05-11T15:59:09,22:00:00,4:30:00,20,1,,,1
38,Clara Greenhouse,77,water level test,4,2023-05-10T10:25:48,2023-05-11T11:15:40,22:00:00,4:30:00,20,1,,,1
38,Clara Greenhouse,76,Loadcell QA43 (73),4,2023-04-13T15:26:42,2023-04-20T10:19:20,22:00:00,4:30:00,20,1,,,1
38,Clara Greenhouse,75,NEW Loadcell QA42 (73),4,2023-04-10T10:15:31,2023-04-13T10:15:23,22:00:00,4:30:00,20,1,,,1
38,Clara Greenhouse,74,Loadcell QA42 (73),4,2023-04-02T17:09:07,2023-04-10T10:09:23,22:00:00,4:30:00,20,1,,,1
38,Clara Greenhouse,73,Loadcell QA41,4,2023-03-07T19:33:01,2023-03-10T10:20:33,22:00:00,4:30:00,20,1,,,1
38,Clara Greenhouse,72,pexiglass test,4,2023-02-27T14:01:33,2023-05-18T14:24:03,22:00:00,4:30:00,20,1,,,1
38,Clara Greenhouse,71,Loadcell QA40,4,2023-02-22T12:36:04,2023-02-23T17:54:24,22:00:00,4:30:00,20,1,,,1
38,Clara Greenhouse,70,Loadcell QA39,4,2023-02-19T16:32:27,2023-02-21T15:34:57,22:00:00,4:30:00,20,1,,,1
38,Clara Greenhouse,69,test 500x4 C6 vs 300x4 C3,4,2023-02-19T15:53:57,2023-05-18T14:37:12,22:00:00,4:30:00,20,1,,,1
38,Clara Greenhouse,68,Loadcell QA38,4,2023-02-12T13:35:54,2023-02-16T11:55:08,22:00:00,4:30:00,20,1,,,1
38,Clara Greenhouse,67,Big Loadcell test,4,2023-02-05T10:09:19,2023-02-12T09:46:05,22:00:00,4:30:00,20,1,,,1
38,Clara Greenhouse,66,Loadcell QA37-2(65),4,2023-01-31T17:21:35,2023-02-12T13:34:56,22:00:00,4:30:00,20,1,,,1
38,Clara Greenhouse,65,Loadcell QA37 (65),4,2023-01-22T15:56:24,2023-01-31T12:29:14,22:00:00,4:30:00,20,1,,,1
38,Clara Greenhouse,64,Loadcell QA36 (64),4,2023-01-01T15:40:13,2023-01-15T13:21:01,22:00:00,4:30:00,20,1,,,1
38,Clara Greenhouse,63,LoadCell QA35,4,2022-12-28T15:51:59,2023-01-01T09:41:11,22:00:00,4:30:00,20,1,,,1
38,Clara Greenhouse,62,LoadCell QA34,4,2022-12-21T15:20:03,2022-12-28T09:37:16,22:00:00,4:30:00,20,1,,,1
38,Clara Greenhouse,61,LoadCell QA33,4,2022-12-14T13:46:44,2022-12-18T09:13:34,22:00:00,4:30:00,20,1,,,1
38,Clara Greenhouse,60,LoadCell QA32,4,2022-12-07T14:02:42,2022-12-14T09:17:21,22:00:00,4:30:00,20,1,,,1
38,Clara Greenhouse,59,Loadcell QA31,4,2022-11-30T15:47:12,2022-12-04T11:59:38,22:00:00,4:30:00,20,1,,,1
38,Clara Greenhouse,58,Loadcell QA30,4,2022-11-23T14:43:12,2022-11-30T09:33:49,22:00:00,4:30:00,20,1,,,1
38,Clara Greenhouse,57,Loadcell QA29 300KG,4,2022-11-10T14:18:41,2022-11-23T08:02:05,22:00:00,4:30:00,20,1,,,1
38,Clara Greenhouse,56,loadcall double 28,4,2022-11-03T12:08:04,2022-11-10T13:49:13,22:00:00,4:30:00,20,1,,,1
38,Clara Greenhouse,55,AutoIrrigation test multi day threshold,4,2022-09-07T14:14:49,2023-02-27T13:55:18,10:30:00,4:30:00,30,1,,,1
38,Clara Greenhouse,54,Loadcell QA27,4,2022-09-06T12:19:43,2022-09-11T18:39:24,22:00:00,4:30:00,20,1,,,1
38,Clara Greenhouse,53,loadcell QA26,4,2022-08-15T14:43:08,2022-08-31T16:24:48,22:00:00,4:30:00,20,1,,,1
38,Clara Greenhouse,52,Loadcell QA25,4,2022-08-07T11:36:20,2022-08-15T14:18:10,22:00:00,4:30:00,20,1,,,1
38,Clara Greenhouse,51,Patio Pots irrigation,2,2022-08-04T10:56:38,,22:00:00,4:30:00,20,1,,,1
38,Clara Greenhouse,50,Loadcell QA25,4,2022-08-07T08:23:11,,22:00:00,4:30:00,20,1,,,1
38,Clara Greenhouse,49,Loadcell QA24,4,2022-07-26T19:13:44,2022-08-03T14:54:06,22:00:00,4:30:00,20,1,,,1
38,Clara Greenhouse,48,loadcell QA23,4,2022-07-14T13:38:01,2022-07-21T18:18:58,22:00:00,4:30:00,20,1,,,1
38,Clara Greenhouse,47,loadcell QA22,4,2022-07-06T14:24:57,2022-07-14T09:11:15,22:00:00,4:30:00,20,1,,,1
38,Clara Greenhouse,46,loadcell QA21,4,2022-06-29T14:35:07,2022-07-03T18:33:32,22:00:00,4:30:00,20,1,,,1
38,Clara Greenhouse,45,Loadcell QA20 (45),4,2022-06-27T19:58:54,2022-06-29T09:35:53,22:00:00,4:30:00,20,1,,,1
38,Clara Greenhouse,44,Loadcell QA19,4,2022-06-24T15:58:22,2022-06-26T19:05:18,22:00:00,4:30:00,20,1,,,1
38,Clara Greenhouse,43,Loadcell QA18,4,2022-06-21T11:49:06,2022-06-23T15:31:16,22:00:00,4:30:00,20,1,,,1
38,Clara Greenhouse,42,Loadcell QA17,4,2022-06-13T12:35:53,2022-06-21T11:35:37,22:00:00,4:30:00,20,1,,,1
38,Clara Greenhouse,41,Loadcell QA16,4,2022-06-08T14:23:51,2022-06-13T12:35:34,22:00:00,4:30:00,20,1,,,1
38,Clara Greenhouse,40,Loadcell QA15,4,2022-06-06T18:56:15,2022-06-08T10:48:59,22:00:00,4:30:00,20,1,,,1
38,Clara Greenhouse,39,Loadcell QA14,4,2022-05-29T12:58:21,2022-06-01T15:54:28,22:00:00,4:30:00,20,1,,,1
38,Clara Greenhouse,38,Loadcell QA13,4,2022-05-27T19:00:02,2022-05-28T20:10:36,22:00:00,4:30:00,20,1,,,1
38,Clara Greenhouse,37,Loadcell QA12,4,2022-05-25T20:28:36,2022-05-27T12:32:42,22:00:00,4:30:00,20,1,,,1
38,Clara Greenhouse,36,NetBow + BOL peat,4,2022-05-01T15:33:10,2022-08-04T10:54:38,22:00:00,4:30:00,20,1,,,1
38,Clara Greenhouse,35,Loadcell QA11,4,2022-04-27T12:43:36,2022-04-29T10:03:00,22:00:00,4:30:00,20,1,,,1
38,Clara Greenhouse,34,Loadcell QA10,4,2022-04-25T12:19:45,2022-04-27T09:54:02,22:00:00,4:30:00,20,1,,,1
38,Clara Greenhouse,33,Loadcell QA09,4,2022-03-03T11:46:27,2022-03-28T02:09:57,22:00:00,4:30:00,20,1,,,1
38,Clara Greenhouse,32,Loadcell QA08,4,2022-02-01T16:02:35,2022-02-24T11:39:19,22:00:00,4:30:00,20,1,,,1
38,Clara Greenhouse,31,Loadcell QA07,4,2022-01-26T14:36:41,2022-01-31T13:09:06,22:00:00,4:30:00,20,1,,,1
38,Clara Greenhouse,30,Loadcell QA06,4,2021-12-21T15:12:15,2022-01-06T11:08:37,22:00:00,4:30:00,20,1,,,1
38,Clara Greenhouse,29,Back from FL inspecation,4,2021-09-13T14:46:41,2022-01-26T14:50:09,22:00:00,4:30:00,20,1,,,1
38,Clara Greenhouse,28,Loadcell QA05,4,2021-09-01T21:40:23,2021-09-26T14:14:23,22:00:00,4:30:00,20,1,,,1
38,Clara Greenhouse,27,autoIrrigation,4,2021-08-02T15:32:13,2021-10-03T16:31:43,22:00:00,4:30:00,20,1,,,1
38,Clara Greenhouse,26,Loadcell QA04,4,2021-06-27T16:43:46,2021-07-04T16:38:58,22:00:00,4:30:00,20,1,,,1
38,Clara Greenhouse,25,Loadcell QA03,4,2021-06-15T11:08:35,2021-06-21T14:40:50,22:00:00,4:30:00,20,1,,,1
38,Clara Greenhouse,24,Loadcell QA02,4,2021-05-03T16:52:39,2021-05-11T10:04:35,22:00:00,4:30:00,20,1,,,1
38,Clara Greenhouse,23,Loadcell QA01,4,2021-04-21T14:15:38,2021-04-26T16:29:47,22:00:00,4:30:00,20,1,,,1
38,Clara Greenhouse,22,OfficeGH03,4,2021-04-05T10:09:51,2021-04-06T14:16:45,22:00:00,4:30:00,20,1,,,1
38,Clara Greenhouse,21,OfficeGH02,4,2021-04-01T17:02:36,2021-04-05T10:06:49,22:00:00,4:30:00,20,1,,,1
38,Clara Greenhouse,20,OfficeGH01,4,2021-03-30T13:46:26,2021-04-01T16:51:37,22:00:00,4:30:00,20,1,,,1
38,Clara Greenhouse,19,test1,4,2021-03-30T12:32:31,2021-03-30T13:42:16,22:00:00,4:30:00,20,1,,,1
38,Clara Greenhouse,18,LCQC-31,4,2021-01-14T08:33:39,2021-01-19T17:34:42,22:00:00,4:30:00,20,1,,,1
38,Clara Greenhouse,17,LCQC-30,4,2021-01-11T15:08:50,2021-01-14T07:35:53,22:00:00,4:30:00,20,1,,,1
38,Clara Greenhouse,16,copy of 200KG Loadcell bending test,1,,,22:00:00,4:30:00,20,1,,,1
38,Clara Greenhouse,15,200KG Loadcell bending test,4,2019-06-27T12:18:59,2019-12-01T16:34:34,22:00:00,4:30:00,20,1,,,1
38,Clara Greenhouse,14,copy of Soil Column Repeat 6 Clay like matiriel,4,2019-06-26T16:39:06,2021-01-11T15:08:19,22:00:00,4:30:00,20,1,,,1
38,Clara Greenhouse,13,Soil Column Repeat 6 Clay like matiriel,4,2019-06-20T11:16:04,2019-06-26T10:14:14,22:00:00,4:30:00,20,1,,,1
38,Clara Greenhouse,12, Soil Column Repeat 5 Thin sand,4,2019-06-06T11:41:54,2019-06-16T19:23:07,22:00:00,4:30:00,20,1,,,1
38,Clara Greenhouse,9,Soil Column Repeat 4 -hight of sturation mesurement,4,2019-06-05T15:28:51,2019-06-06T10:15:18,22:00:00,4:30:00,20,1,,,1
38,Clara Greenhouse,8,Soil Column Repeat 3,4,2019-05-30T19:33:53,2019-06-05T15:26:55,22:00:00,4:30:00,20,1,,,1
38,Clara Greenhouse,7,Soil Column Repeat 2,4,2019-05-30T14:12:01,2019-05-30T19:32:46,22:00:00,4:30:00,20,1,,,1
38,Clara Greenhouse,6,Soil Column,4,2019-05-23T13:37:38,2019-05-27T14:36:31,22:00:00,4:30:00,20,1,,,1
38,Clara Greenhouse,5,Experiment 1,4,2018-05-06T14:55:50,2018-05-15T15:07:04,22:00:00,4:30:00,20,1,,,1
38,Clara Greenhouse,1,exp_1,4,2018-05-02T15:25:03,2018-05-02T15:40:07,22:00:00,4:30:00,20,1,,,1
39,RanMorin2,2,Tree Monitoring,2,2021-07-22T17:26:45,,22:00:00,4:30:00,20,1,,,1
40,Pro Farm (Marrone Bio),30,UBP_Corn_gcs,4,2024-10-28T10:50:14,2024-12-06T09:07:55,22:00:00,11:28:00,20,1,Gabriela Sinclair,gsinclair@profarmgroup.com,1
40,Pro Farm (Marrone Bio),29,Molasses_AAFC_Tomato_Exp 3_gcs,4,2024-07-08T10:12:21,2024-09-09T08:07:55,22:00:00,9:02:00,20,1,Gabi,gsinclair@profarmgroup.com,3
40,Pro Farm (Marrone Bio),27,AAFC_Tomato_II_gcs,4,2024-04-05T10:43:33,,0:00:00,4:30:00,20,1,,gsinclair@profarmgroup.com,1
40,Pro Farm (Marrone Bio),26,copy of copy of Trial,4,2024-04-03T13:31:58,,0:00:00,4:30:00,20,1,,gsinclair@profarmgroup.com,1
40,Pro Farm (Marrone Bio),25,copy of Trial,2,2024-04-03T13:08:39,,0:00:00,4:30:00,20,1,,gsinclair@profarmgroup.com,1
40,Pro Farm (Marrone Bio),24,Trial,4,2023-10-02T12:36:56,,0:00:00,4:30:00,20,1,,gsinclair@profarmgroup.com,1
40,Pro Farm (Marrone Bio),23,AAFC_Tomato_gcs,3,2023-11-17T09:39:00,2024-01-05T12:40:31,22:00:00,4:30:00,20,1,,gsinclair@profarmgroup.com,1
40,Pro Farm (Marrone Bio),22,601 Exp2,1,,,22:00:00,4:30:00,20,1,,,1
40,Pro Farm (Marrone Bio),21,copy of 601 Experiment,1,,,0:00:00,4:30:00,20,1,Sam,lhoang@marronebio.com,1
40,Pro Farm (Marrone Bio),20,Soil Dilutions,4,2022-12-13T16:28:19,2023-01-19T11:41:10,0:00:00,4:30:00,20,1,Liz,ehenry@profarmgroup.com,1
40,Pro Farm (Marrone Bio),19,test upload,1,,,22:00:00,4:30:00,20,1,,,1
40,Pro Farm (Marrone Bio),18,Try 2 601 Experiment,1,,,0:00:00,4:30:00,20,1,Sam,lhoang@marronebio.com,1
40,Pro Farm (Marrone Bio),17,601 Experiment,4,2022-10-07T13:24:47,2022-11-29T09:57:20,0:00:00,4:30:00,20,1,Sam,lhoang@marronebio.com,1
40,Pro Farm (Marrone Bio),16,copy of copy of 10/07/2022 Test,4,2022-10-07T12:17:59,2022-10-07T12:23:42,22:00:00,4:30:00,20,1,,,1
40,Pro Farm (Marrone Bio),15,copy of 10/07/2022 Test,4,2022-10-07T12:10:14,2022-10-07T12:11:39,22:00:00,4:30:00,20,1,,,1
40,Pro Farm (Marrone Bio),14,10/07/2022 Test,4,2022-10-07T11:58:22,2022-10-07T11:59:55,22:00:00,4:30:00,20,1,,,1
40,Pro Farm (Marrone Bio),13,505 Sweet Corn Foliar,4,2022-05-10T13:59:15,2022-07-06T08:48:07,0:00:00,4:30:00,20,1,Linda,lhoang@marronebio.com,1
40,Pro Farm (Marrone Bio),12,505 Foliar Tomato,4,2022-03-18T13:39:02,2022-04-18T15:08:01,0:00:00,4:30:00,20,1,Sam,,1
40,Pro Farm (Marrone Bio),11,505 Foliar Corn,4,2022-02-08T09:32:43,2022-03-04T12:38:49,4:30:00,4:30:00,20,1,Sam,,1
40,Pro Farm (Marrone Bio),10,copy of copy of irrigation test,4,2022-01-20T15:31:47,2022-01-20T15:34:21,22:00:00,4:30:00,20,1,,,1
40,Pro Farm (Marrone Bio),9,copy of irrigation test,4,2022-01-20T13:38:15,2022-01-20T13:47:13,22:00:00,4:30:00,20,1,,,1
40,Pro Farm (Marrone Bio),8,20211206_SC_RootDip 140.306,4,2021-12-06T08:44:00,2022-01-14T11:04:38,4:30:00,4:30:00,20,1,Sam,,1
40,Pro Farm (Marrone Bio),7,irrigation test,4,2021-11-19T12:11:26,2021-11-19T12:20:14,22:00:00,4:30:00,20,1,,,1
40,Pro Farm (Marrone Bio),6,20211012_SC.LH_UBP140RootDipCorn,4,2021-10-12T09:39:04,2021-11-03T11:36:04,3:30:00,4:30:00,20,1,Sam,,1
40,Pro Farm (Marrone Bio),5,20210913_LH.SC_UBP140RootDip_Corn,4,2021-09-15T14:07:26,2021-10-11T09:33:16,11:58:00,4:30:00,20,1,Sam,,1
40,Pro Farm (Marrone Bio),4,Test 2 for Tuesday,4,2021-09-01T16:50:56,2021-09-07T09:20:37,22:00:00,4:30:00,20,1,,,1
40,Pro Farm (Marrone Bio),3,Test 1-1,4,2021-08-30T15:10:30,2021-08-30T16:02:42,22:00:00,4:30:00,20,1,,,1
40,Pro Farm (Marrone Bio),2,test 1,4,2021-08-30T11:41:45,2021-08-30T12:08:53,22:00:00,4:30:00,20,1,,,1
40,Pro Farm (Marrone Bio),1,exp_1,4,2021-07-27T08:18:28,2021-08-30T11:41:20,22:00:00,4:30:00,20,1,,,1
42,Morris (iCore),14,3rd Peppers,2,2024-09-10T11:47:11,,22:00:00,4:30:00,20,1,Ohad,,1
42,Morris (iCore),13,2nd Vines,4,2024-03-25T15:33:48,2024-09-02T12:33:38,22:00:00,4:30:00,20,1,Ohad,None,1
42,Morris (iCore),12,weights check,4,2024-03-04T10:33:44,,22:00:00,4:30:00,20,1,,,1
42,Morris (iCore),11,2nd Pepper,4,2023-09-11T09:11:00,,22:00:00,4:30:00,20,1,None,None,1
42,Morris (iCore),10,1st Vines,4,2023-03-10T13:21:43,2023-09-06T16:30:47,22:00:00,5:00:00,20,1,,,1
42,Morris (iCore),9,50 shades of pepper,4,2022-09-22T19:00:06,2023-02-28T10:35:02,22:00:00,4:30:00,20,1,None,None,1
42,Morris (iCore),8,Ohad pre peppers,4,2022-09-16T13:06:00,2022-09-22T18:32:54,22:00:00,4:30:00,20,1,,,1
42,Morris (iCore),7,ohad checking,4,2022-06-19T16:45:24,2022-09-14T09:44:58,22:00:00,4:30:00,20,1,,,1
42,Morris (iCore),6,"MultiPenman[March 22],AgriAuji,Moris[Glass]",4,2022-03-27T13:01:08,2022-03-30T09:20:45,3:50:00,4:30:00,20,1,,,1
42,Morris (iCore),5,"pepper[Aug 21],AgriAuji,Moris[Glass]",4,2021-08-09T11:15:07,2022-03-24T12:24:37,3:50:00,4:30:00,20,1,,,1
42,Morris (iCore),4,Moris - Sexond Exp Check,4,2021-08-02T08:49:15,2021-08-09T11:13:06,22:00:00,4:30:00,20,1,,,1
42,Morris (iCore),3,Moris - First Exp Check,4,2021-08-01T15:06:27,2021-08-01T17:12:57,22:00:00,4:30:00,20,1,,,1
42,Morris (iCore),2,exp_2,1,,,22:00:00,4:30:00,20,1,,,1
42,Morris (iCore),1,exp_1,4,2021-01-17T22:51:48,2021-01-18T12:46:39,22:00:00,4:30:00,20,1,,,1
43,Arava Shoresh Davar,14,copy of Sharon,1,,,3:50:00,4:30:00,20,1,,,1
43,Arava Shoresh Davar,13,Sharon-1,1,,,3:50:00,4:30:00,30,1,,,1
43,Arava Shoresh Davar,12,Sharon-1,2,2024-09-10T11:02:56,,22:00:00,4:30:00,20,1,,,2
43,Arava Shoresh Davar,11,copy of ROTM23,4,2024-09-08T09:41:25,2024-09-09T11:47:52,3:50:00,4:30:00,20,1,,,1
43,Arava Shoresh Davar,10,2024-2025,1,,,22:00:00,4:30:00,20,1,,,1
43,Arava Shoresh Davar,9,ROTM23,4,2023-09-10T10:54:25,2024-09-08T09:37:32,3:50:00,4:30:00,20,1,,,1
43,Arava Shoresh Davar,8,TomTest,4,2023-07-26T14:59:55,2023-09-10T10:53:36,3:50:00,4:30:00,20,1,,,1
43,Arava Shoresh Davar,7,tomtest,1,,,22:00:00,4:30:00,20,1,,,1
43,Arava Shoresh Davar,6,"Pepper[Sep22],RnDArava,GH6[Net]-Fixed",4,2022-09-20T10:44:31,2023-04-21T15:03:46,3:50:00,4:30:00,20,1,,,1
43,Arava Shoresh Davar,5,"Pepper[Sep22],RnDArava,GH6[Net]",4,2022-09-01T10:44:36,2022-09-20T07:25:36,3:50:00,4:30:00,20,1,,,1
43,Arava Shoresh Davar,4,"AutoIrrigationPepper[Aug21],GH6[Net]",4,2021-10-12T12:02:30,2022-05-01T13:08:33,22:00:00,4:30:00,20,1,,,1
43,Arava Shoresh Davar,3,"Pepper[Aug21],RnDArava,GH6[Net]",4,2021-08-10T17:05:33,2022-05-01T12:49:16,3:50:00,4:30:00,20,1,,,1
43,Arava Shoresh Davar,2,exp_2,1,,,22:00:00,4:30:00,20,1,,,1
43,Arava Shoresh Davar,1,exp_1,4,2021-01-17T22:51:48,2021-01-18T12:46:39,22:00:00,4:30:00,20,1,,,1
44,AAFC,51,Carinata_10.0,2,2025-01-16T00:00:00,,22:00:00,4:30:00,20,1,,,1
44,AAFC,50,Wheat_17.0,4,2024-11-01T00:01:00,2024-12-18T08:18:29,22:00:00,4:30:00,20,1,,,1
44,AAFC,49,Canola_8.Nitrogen,4,2024-11-01T00:00:00,2024-12-18T08:14:43,22:00:00,4:30:00,20,1,,,1
44,AAFC,48,Canola_8.0,4,2024-10-31T10:02:26,2024-12-18T08:09:44,22:00:00,4:30:00,20,1,,,1
44,AAFC,47,Peas_1.0,4,2024-08-23T00:00:00,2024-09-27T09:40:44,22:00:00,4:30:00,20,1,,,1
44,AAFC,46,Wheat_16.0,4,2024-08-23T00:00:00,2024-09-27T09:13:42,22:00:00,4:30:00,20,1,,,1
44,AAFC,45,Canola_7.Nitrogen,4,2024-08-23T00:00:00,2024-09-27T08:16:55,22:00:00,4:30:00,20,1,,,1
44,AAFC,44,Canola_7.0,4,2024-08-23T00:00:00,2024-09-27T08:11:41,22:00:00,4:30:00,20,1,,,1
44,AAFC,43,Wheat_15.Sue,4,2024-06-14T00:01:00,,22:00:00,4:30:00,20,1,,,1
44,AAFC,42,Wheat_15.0,4,2024-06-14T00:01:00,2024-07-30T08:04:52,22:00:00,4:30:00,20,1,,,1
44,AAFC,41,Wheat_14.0,4,2024-04-12T00:00:00,,22:00:00,4:30:00,20,1,,,1
44,AAFC,40,Carinata_9.0,4,2024-02-16T00:00:00,,22:00:00,4:30:00,20,1,,,1
44,AAFC,39,Camelina_3.0,4,2023-12-22T00:01:00,,22:00:00,4:30:00,20,1,,,1
44,AAFC,38,Carinata_8.0,4,2023-12-22T00:01:00,2024-02-08T08:17:47,22:00:00,4:30:00,20,1,,,1
44,AAFC,37,Wheat_13.0,4,2023-11-07T00:01:00,2024-02-16T21:45:03,22:00:00,4:30:00,20,1,,,1
44,AAFC,36,Rapa_2.0,3,2023-11-03T00:01:28,2023-12-14T08:53:23,22:00:00,4:30:00,20,1,,,1
44,AAFC,35,Wheat_12.0,4,2023-09-14T00:00:00,2023-10-26T08:00:00,22:00:00,4:30:00,20,1,,,1
44,AAFC,34,Rapa_1.0,4,2023-09-14T00:00:00,2023-10-26T08:00:00,22:00:00,4:30:00,20,1,,,1
44,AAFC,33,Wheat_11.0,4,2023-07-20T00:01:00,2023-08-23T08:41:13,22:00:00,4:30:00,20,1,,,1
44,AAFC,32,Canola_6.0,4,2023-07-20T00:01:00,2023-08-23T08:38:19,22:00:00,4:30:00,20,1,,,1
44,AAFC,31,Wheat_10.0,4,2023-06-15T00:01:08,2023-07-12T08:53:35,22:00:00,4:30:00,20,1,,,1
44,AAFC,30,Canola_5.0,4,2023-06-15T00:01:00,2023-07-12T08:50:56,22:00:00,4:30:00,20,1,,,1
44,AAFC,29,Wheat_9.0,4,2023-05-04T00:01:00,2023-06-07T08:52:09,22:00:00,4:30:00,20,1,,,1
44,AAFC,28,Carinata_7.0,4,2023-05-04T00:00:00,2023-06-07T08:48:38,22:00:00,4:30:00,20,1,,,1
44,AAFC,27,Wheat_8.0,4,2023-03-14T00:01:00,2023-04-18T09:03:19,22:00:00,4:30:00,20,1,,,1
44,AAFC,26,Carinata_6.0,4,2023-03-14T00:01:00,2023-04-18T08:59:46,22:00:00,4:30:00,20,1,,,1
44,AAFC,25,wheat_7.0_black,4,2023-01-26T11:15:27,2023-03-02T09:13:52,22:00:00,4:30:00,20,1,,,1
44,AAFC,24,Wheat_7.0,4,2023-01-26T11:04:55,2023-03-02T09:10:49,22:00:00,4:30:00,20,1,,,1
44,AAFC,23,Carinata_5.0,4,2023-01-27T04:00:00,2023-03-02T09:05:33,22:00:00,4:30:00,20,1,,,1
44,AAFC,22,Wheat_6.0,4,2022-11-14T12:51:28,2022-12-19T09:11:07,22:00:00,4:30:00,20,1,,,1
44,AAFC,21,Carinata_4.0,4,2022-11-15T04:00:00,2022-12-19T09:00:37,22:00:00,4:30:00,20,1,,,1
44,AAFC,20,Camelina_2.0,4,2022-08-04T15:21:51,2022-09-15T10:36:29,22:00:00,4:30:00,20,1,,,1
44,AAFC,19,Wheat_5.0,4,2022-08-03T10:41:02,2022-09-15T10:32:54,22:00:00,4:30:00,20,1,,steve.robinson2@agr.gc.ca,1
44,AAFC,18,Camelina_1.0,4,2022-06-27T13:55:24,2022-07-28T09:54:37,22:00:00,3:30:00,20,1,,,1
44,AAFC,17,Wheat_4.0,4,2022-06-27T13:49:05,2022-07-28T09:22:03,22:00:00,3:30:00,20,1,,,1
44,AAFC,16,Canola_4.0,4,2022-06-27T13:55:13,2022-07-28T09:19:03,22:00:00,3:30:00,20,1,,,1
44,AAFC,15,Carinata_3.0,4,2022-05-29T10:21:28,2022-06-20T11:30:22,22:00:00,4:30:00,20,1,,,1
44,AAFC,14,Wheat_3.0,4,2022-05-26T10:21:16,2022-06-20T11:32:23,22:00:00,4:30:00,20,1,,,1
44,AAFC,13,Canola_3.0,4,2022-05-26T10:18:38,2022-06-20T11:42:16,22:00:00,4:30:00,20,1,,,1
44,AAFC,12,Drought_wheat_April2022,4,2022-04-13T12:27:01,2022-05-24T09:19:55,22:00:00,4:30:00,20,1,,,1
44,AAFC,11,Drought_brassica_April2022,4,2022-04-14T12:15:13,2022-05-24T09:17:14,22:00:00,4:30:00,20,1,,,1
44,AAFC,10,Drought_2.0_Feb2022,4,2022-02-02T12:15:28,2022-03-02T15:28:13,22:00:00,4:30:00,20,1,,,1
44,AAFC,9,Example,4,2022-01-31T08:37:22,2022-01-31T09:21:35,0:00:00,4:30:00,20,1,,isobel.parkin@agr.gc.ca,1
44,AAFC,8,copy of Test1,4,2021-11-24T14:03:08,2022-01-28T12:20:13,0:00:00,4:30:00,20,1,,isobel.parkin@agr.gc.ca,1
44,AAFC,7,Irrigation-setup,4,2021-11-24T13:52:18,2021-11-24T14:01:03,0:00:00,4:30:00,20,1,,isobel.parkin@agr.gc.ca,1
44,AAFC,6,Irrigation,1,,,22:00:00,4:30:00,20,1,,,1
44,AAFC,5,Wheat 100,1,,,22:00:00,4:30:00,20,1,,,1
44,AAFC,4,Test1,4,2021-11-24T11:49:56,2021-11-24T13:51:44,0:00:00,4:30:00,20,1,,isobel.parkin@agr.gc.ca,1
44,AAFC,3,copy of exp_1,1,,,22:00:00,4:30:00,20,1,,,1
44,AAFC,2,exp_2,1,,,22:00:00,4:30:00,20,1,,,1
44,AAFC,1,exp_1,4,2021-01-17T22:51:48,2021-01-18T12:46:39,22:00:00,4:30:00,20,1,,,1
45,Demo,282,Drought screening,4,2021-05-12T08:30:00,2021-06-07T06:30:00,3:50:00,4:30:00,20,1,Amir Mayo,None,1
45,Demo,249,Biostimulants Tomato & Pepper,4,2020-09-14T00:31:56,2020-10-19T15:12:59,6:00:00,4:30:00,20,1,Daniel Wurtzel,daniel.w@plant-ditech.com,1
45,Demo,8,Biostimulants Article,4,2018-06-23T14:56:42,2018-07-27T22:37:39,22:00:00,4:30:00,20,1,None,None,1
50,Danforth,30,IB101,4,2024-11-20T16:08:52,2024-12-09T08:33:26,22:00:00,7:15:00,30,1,,,1
50,Danforth,29,KM104,4,2024-09-16T13:59:24,2024-10-03T07:35:09,22:00:00,6:15:00,30,1,,,1
50,Danforth,28,MB102,4,2024-08-09T09:23:36,,22:00:00,6:15:00,30,1,,,1
50,Danforth,27,KM103,4,2024-06-26T13:14:06,,22:00:00,6:15:00,30,1,,,1
50,Danforth,26,Irrigation_Test_042924,4,2024-04-29T12:41:18,,12:00:00,5:15:00,30,1,,,1
50,Danforth,25,EE104,4,2024-02-22T14:17:17,,22:00:00,6:15:00,30,1,None,None,1
50,Danforth,24,KM102,4,2024-01-30T09:26:47,2024-02-20T08:59:05,22:00:00,6:15:00,30,1,None,None,1
50,Danforth,23,MB101,4,2024-01-05T10:58:02,,22:00:00,6:15:00,30,1,,,1
50,Danforth,22,RS101,4,2023-11-22T11:08:08,,22:00:00,6:15:00,30,1,,,1
50,Danforth,21,AfB101,4,2023-10-10T13:15:02,2023-11-20T07:59:30,19:30:00,4:00:00,30,1,None,None,1
50,Danforth,20,EE103,4,2023-10-13T14:39:40,2023-10-27T09:11:11,22:00:00,6:15:00,30,1,None,None,1
50,Danforth,19,CG101,4,2023-09-07T10:19:15,2023-10-09T07:33:06,22:00:00,3:45:00,30,1,,,1
50,Danforth,18,EE102,4,2023-08-22T10:00:01,2023-09-05T09:00:43,22:00:00,6:15:00,30,1,None,None,1
50,Danforth,17,MG102,4,2023-07-14T10:52:34,2023-08-16T07:27:31,22:00:00,5:15:00,30,1,,,1
50,Danforth,16,MG101,4,2023-06-27T11:44:34,2023-07-13T07:44:42,22:00:00,6:15:00,30,1,Leonardo Chavez,lchavez@danforthcenter.org,1
50,Danforth,15,EE101,4,2023-06-13T12:00:00,2023-06-26T09:00:08,22:00:00,6:15:00,30,1,Leonardo Chavez,lchavez@danforthcenter.org,1
50,Danforth,14,Filter_Test_04_26_2023,4,2023-04-26T10:44:57,2023-05-09T08:50:39,22:00:00,6:15:00,30,1,Leonardo Chavez,lchavez@danforthcenter.org,1
50,Danforth,13,Maize_Test_3_20_2023,4,2023-03-23T13:54:00,2023-04-14T08:35:50,22:00:00,6:15:00,30,1,,,1
50,Danforth,12,Netbow_Test_3_3_2023,4,2023-03-03T16:20:55,2023-03-15T09:23:36,22:00:00,6:15:00,30,1,,,1
50,Danforth,11,shakeout_drought_12_7_2022,4,2022-12-08T16:21:00,2023-01-04T15:18:01,22:00:00,6:15:00,30,1,Leonardo Chavez,lchavez@danforthcenter.org,1
50,Danforth,10,copy of Irrigation_Test_072022,4,2022-07-28T08:56:01,2022-07-28T08:58:11,22:00:00,4:30:00,20,1,Leonardo Chavez,lchavez@danforthcenter.org,1
50,Danforth,9,Gehan_Baxter_Shakeout_7_28_2022,4,2022-07-28T09:28:25,2022-08-19T13:49:55,22:00:00,6:00:00,20,1,Leonardo Chavez,lchavez@danforthcenter.org,1
50,Danforth,8,Ditech_Shakeout_7_28_2022,4,2022-07-28T07:43:48,2022-07-28T08:33:13,22:00:00,8:30:00,20,1,Leonardo Chavez,lchavez@danforthcenter.org,1
50,Danforth,7,Irrigation_Test_072022,4,2022-07-20T16:12:31,2022-07-25T13:58:53,22:00:00,4:30:00,20,1,Leonardo Chavez,lchavez@danforthcenter.org,1
50,Danforth,6,test_4,4,2022-07-19T11:07:46,2022-07-20T15:53:49,22:00:00,4:30:00,20,1,Joe Duenwald,jduenwald@danforthcenter.org,1
50,Danforth,5,test_3,4,2022-07-19T10:18:08,2022-07-19T10:55:06,22:00:00,4:30:00,20,1,Joe Duenwald,jduenwald@danforthcenter.org,1
50,Danforth,4,test_2,4,2022-07-18T13:42:11,2022-07-19T10:18:03,22:00:00,6:30:00,20,1,Leonardo Chavez,lchavez@danforthcenter.org,1
50,Danforth,3,test_1,4,2022-07-18T13:28:47,2022-07-18T13:35:17,22:00:00,6:30:00,20,1,Leonardo Chavez,lchavez@danforthcenter.org,1
50,Danforth,2,exp_2,1,,,22:00:00,4:30:00,20,1,,,1
50,Danforth,1,exp_1,4,2021-01-17T22:51:48,2021-01-18T12:46:39,22:00:00,4:30:00,20,1,,,1
58,UF - Gainesville,38,Peanut nastic movements,2,2024-12-09T05:32:12,,7:00:00,5:00:00,20,1,Laura Torres,lauramar.torresd@ufl.edu,1
58,UF - Gainesville,37,peanut_nprl_vulnerability_2,4,2024-05-23T22:25:29,2024-11-19T17:23:11,7:00:00,5:00:00,20,1,Gerard Sapes,gsapes@ufl.edu,1
58,UF - Gainesville,36,peanut_nprl_vulnerability_2,4,2024-05-08T22:14:28,,7:00:00,5:00:00,20,1,Gerard Sapes,gsapes@ufl.edu,1
58,UF - Gainesville,35,big_watering_consistency_test_blue_expansion,1,,,7:00:00,8:30:00,20,1,,,1
58,UF - Gainesville,34,big_watering_consistency_test_black_3_expansion,4,2024-05-01T20:30:48,,7:00:00,8:30:00,20,1,,,1
58,UF - Gainesville,33,citrus_salt_stress_2,4,2024-03-21T06:00:00,,7:00:00,5:00:00,20,1,Gerard Sapes,gsapes@ufl.edu,1
58,UF - Gainesville,32,flushing controllers,2,2024-02-08T17:53:38,,22:00:00,4:30:00,20,1,,,1
58,UF - Gainesville,31,SAS_CEA_fixed,4,2024-01-26T10:43:19,,0:00:00,5:00:00,20,1,Gerard Sapes,gsapes@ufl.edu,1
58,UF - Gainesville,30,SAS_CEA,4,2024-01-24T10:14:27,,0:00:00,5:00:00,20,1,Gerard Sapes,gsapes@ufl.edu,1
58,UF - Gainesville,29,citrus_salt_stress,4,2024-01-27T06:00:14,,7:00:00,5:00:00,20,1,Gerard Sapes,gsapes@ufl.edu,1
58,UF - Gainesville,27,magnolia_continuation,3,2023-11-16T17:54:38,2024-05-08T10:28:18,7:00:00,5:00:00,20,1,Gerard Sapes,gsapes@ufl.edu,1
58,UF - Gainesville,26,Reset experiment,2,2023-06-13T17:15:53,,22:00:00,4:30:00,20,1,,,1
58,UF - Gainesville,25,peanut_nprl_vulnerability_b_iter_a,4,2023-05-03T09:30:26,2023-11-14T11:13:30,7:00:00,5:00:00,20,1,Gerard Sapes,gsapes@ufl.edu,1
58,UF - Gainesville,24,coffee_cross_experiment_s,4,2023-03-28T00:00:45,2023-12-13T09:38:30,0:00:00,5:00:00,20,1,Gerard Sapes,gsapes@ufl.edu,1
58,UF - Gainesville,23,small_watering_consistency_test_black_3_03142023_all_tables,4,2023-03-14T17:29:48,2023-03-20T15:40:33,22:00:00,8:30:00,20,1,,,1
58,UF - Gainesville,22,small_watering_consistency_test_black_3_03142023,1,,,22:00:00,8:30:00,20,1,,,1
58,UF - Gainesville,21,small_watering_consistency_test_black_3_03022023,4,2023-03-02T17:16:54,2023-03-03T16:59:10,22:00:00,8:30:00,20,1,,,1
58,UF - Gainesville,20,big_watering_consistency_test_blue_02182023,4,2023-02-18T17:44:14,2023-03-01T08:47:21,7:00:00,8:30:00,20,1,,,1
58,UF - Gainesville,19,big_watering_consistency_test_black_2_02/17/2023,4,2023-02-17T11:30:22,2023-02-18T17:17:03,7:00:00,8:30:00,20,1,,,1
58,UF - Gainesville,18,small_watering_consistency_test_black_3_02162023,4,2023-02-16T14:37:48,2023-02-18T17:16:51,22:00:00,8:30:00,20,1,,,1
58,UF - Gainesville,17,small_watering_consistency_test_blue_02162023,4,2023-02-18T17:40:49,2023-03-01T08:45:44,7:00:00,8:30:00,20,1,,,1
58,UF - Gainesville,16,big_watering_consistency_test_black_2,4,2022-12-19T17:30:44,2022-12-20T14:28:00,7:00:00,8:30:00,20,1,,,1
58,UF - Gainesville,15,small_watering_consistency_test_blue,4,2022-12-19T17:26:47,2022-12-20T14:28:06,7:00:00,8:30:00,20,1,,,1
58,UF - Gainesville,14,small_watering_consistency_test_all,4,2022-12-18T17:54:30,2022-12-19T14:43:52,7:00:00,8:30:00,20,1,,,1
58,UF - Gainesville,13,big_watering_consistency_test_all,4,2022-12-16T14:48:22,2022-12-19T14:43:10,7:00:00,8:30:00,20,1,,,1
58,UF - Gainesville,12,copy of big_watering_consistency_test_black_2,1,,,7:00:00,8:30:00,20,1,,,1
58,UF - Gainesville,11,big_watering_consistency_test_black_3,1,,,7:00:00,8:30:00,20,1,,,1
58,UF - Gainesville,10,big_watering_consistency_test_black_2,4,2022-12-16T11:25:43,2022-12-16T13:20:16,7:00:00,8:30:00,20,1,,,1
58,UF - Gainesville,9,big_watering_consistency_test_black_1,4,2022-12-14T17:29:13,2022-12-15T15:28:41,7:00:00,8:30:00,20,1,,,1
58,UF - Gainesville,8,big_watering_consistency_test_blue,4,2022-12-14T16:33:41,2022-12-14T17:26:16,7:00:00,8:30:00,20,1,,,1
58,UF - Gainesville,7,small_watering_consistency_test_black_3,1,,,22:00:00,8:30:00,20,1,,,1
58,UF - Gainesville,6,small_watering_consistency_test_black_2,1,,,22:00:00,8:30:00,20,1,,,1
58,UF - Gainesville,5,small_watering_consistency_test_black_1,4,2022-12-14T15:47:24,2022-12-14T17:22:09,22:00:00,8:30:00,20,1,,,1
58,UF - Gainesville,4,small_watering_consistency_test_blue,4,2022-12-12T13:53:11,2022-12-14T15:47:08,7:00:00,8:30:00,20,1,,,1
58,UF - Gainesville,2,exp_2,1,,,22:00:00,4:30:00,20,1,,,1
58,UF - Gainesville,1,exp_1,4,2021-01-17T22:51:48,2021-01-18T12:46:39,22:00:00,4:30:00,20,1,,,1
59,AGROSAVIA_NEW,14,Oat_R2,4,2023-09-13T09:23:09,2023-11-27T13:17:08,5:00:00,5:00:00,30,1,,,1
59,AGROSAVIA_NEW,13,Oat_R1,4,2023-06-30T10:27:50,2023-08-25T09:53:11,5:00:00,5:00:00,30,1,,,1
59,AGROSAVIA_NEW,12,OatTestDrainage,4,2023-06-28T08:59:06,2023-06-30T10:26:16,6:00:00,5:00:00,30,1,,,1
59,AGROSAVIA_NEW,11,Oat,4,2023-06-01T13:43:43,2023-06-23T08:35:04,6:00:00,5:00:00,30,1,,,1
59,AGROSAVIA_NEW,10,Oat01,4,2023-05-30T14:11:08,2023-06-01T11:32:39,6:00:00,5:00:00,30,1,,,1
59,AGROSAVIA_NEW,9,OatDrainage,4,2023-05-19T09:46:32,2023-05-30T14:09:09,6:00:00,5:00:00,30,1,,,1
59,AGROSAVIA_NEW,8,Corn,4,2023-02-20T13:46:08,2023-05-05T08:46:07,6:00:00,5:00:00,30,1,,,1
59,AGROSAVIA_NEW,7,preCorn,4,2023-02-15T14:05:02,2023-02-20T11:51:52,6:00:00,5:00:00,30,1,,,1
59,AGROSAVIA_NEW,6,Lettucce-Pre-2023,4,2022-12-27T11:44:09,2023-02-14T10:18:08,6:00:00,5:00:00,30,1,,,1
59,AGROSAVIA_NEW,5,Lettucce2023-Pre2,4,2022-12-22T11:18:47,2022-12-27T11:44:00,6:00:00,4:30:00,20,1,,,1
59,AGROSAVIA_NEW,4,copy of Lettucce2023-Pre,2,2022-12-22T11:07:36,,6:00:00,4:30:00,20,1,,,1
59,AGROSAVIA_NEW,3,Lettucce2023-Pre,4,2022-12-19T13:25:25,2022-12-22T11:06:05,6:00:00,4:30:00,20,1,,,1
59,AGROSAVIA_NEW,2,exp_2,1,,,22:00:00,4:30:00,20,1,,,1
59,AGROSAVIA_NEW,1,exp_1,4,2021-01-17T22:51:48,2021-01-18T12:46:39,22:00:00,4:30:00,20,1,,,1
60,ISURF,31,Experiment 13 - Nitrogen - Bayam - Feb 25,2,2025-02-28T16:30:49,,4:50:00,5:00:00,20,1,Itamar,,1
60,ISURF,30,Experiment 12 - Calcium - Kailan - Jan 25,4,2025-01-16T00:00:40,2025-02-21T09:36:12,4:50:00,5:00:00,20,1,Itamar,,1
60,ISURF,29,Experiment 11 - Calcium - Bayam - Dec 24,4,2024-12-10T11:31:49,2025-01-08T10:58:01,4:50:00,5:00:00,20,1,Itamar,,1
60,ISURF,28,Experiment 10 - Phosphorus - Kailan - Oct 24,4,2024-10-29T20:16:20,2024-12-03T09:31:16,4:50:00,5:00:00,20,1,Itamar,,1
60,ISURF,27,Experiment 9 - Phosphorus - Bayam - Sep 24,4,2024-09-18T14:58:32,2024-10-24T09:35:50,4:50:00,5:00:00,20,1,Itamar,,1
60,ISURF,26,Experiment 8 - Iron - Kailan - Aug 24,4,2024-07-30T13:02:38,2024-09-10T09:59:14,4:50:00,5:00:00,20,1,Itamar,,1
60,ISURF,25,Experiment 8 - Iron - Kailan - Aug 24,4,2024-07-30T11:24:01,,4:50:00,5:00:00,20,1,Itamar,,1
60,ISURF,24,Experiment 7 - Iron - Bayam - June 24,4,2024-06-21T14:31:16,2024-07-27T09:56:18,4:50:00,5:00:00,20,1,Itamar,,1
60,ISURF,23,Noise check NFT relocation,4,2024-06-19T14:38:02,,22:00:00,4:30:00,20,1,,,1
60,ISURF,22,Experiment 6 - Magnesium - Kailan - May 24,4,2024-05-10T12:18:03,2024-06-19T15:10:08,4:50:00,5:00:00,20,1,Itamar,,1
60,ISURF,21,Relocation test,4,2024-05-08T12:22:16,,3:50:00,4:30:00,20,1,Itamar,,1
60,ISURF,20,Experiment 5 - Magnesium - Bayam - March 24,4,2024-03-03T10:16:44,2024-04-03T15:08:59,3:50:00,4:30:00,20,1,Itamar,,1
60,ISURF,19,Experiment 4 - Potassium - Kailan - January 24,4,2024-01-21T14:25:43,2024-02-28T09:37:39,4:50:00,5:00:00,20,1,Itamar,,1
60,ISURF,18,Tank Wash test experiment,4,2024-01-17T10:29:43,,22:00:00,4:30:00,20,1,,,1
60,ISURF,17,Experiment 3 - Potassium - Bayam - Dec 23,4,2023-12-11T09:58:49,2024-01-17T12:00:40,4:50:00,5:00:00,20,1,Itamar,,1
60,ISURF,16,Tank Wash experiment,4,2023-12-01T10:10:11,,22:00:00,4:30:00,20,1,,,1
60,ISURF,15,Experiment 2 - nitrogrn - Kailan - Oct 23,4,2023-10-19T15:57:00,2023-11-29T09:09:00,4:50:00,5:00:00,20,1,Itamar,None,1
60,ISURF,14,Experiment 1 - nitrogrn - Bayam - Sep 23,4,2023-09-11T09:42:13,2023-10-17T10:10:14,3:50:00,4:30:00,20,1,None,None,1
60,ISURF,13,Plants Pump Washing test,4,2023-09-06T11:02:44,2023-09-07T15:40:04,3:50:00,4:30:00,20,1,,,1
60,ISURF,12,Washing check,4,2023-09-06T10:34:09,2023-09-06T10:54:50,22:00:00,4:30:00,20,1,,,1
60,ISURF,11,Relays check,4,2023-09-05T09:14:44,2023-09-11T09:41:46,22:00:00,4:30:00,20,1,,,1
60,ISURF,10,copy of Pump check,4,2023-08-29T15:04:36,2023-08-29T15:50:25,22:00:00,4:30:00,20,1,,,1
60,ISURF,9,Pump check,4,2023-08-29T12:01:45,2023-08-29T15:04:16,22:00:00,4:30:00,20,1,,,1
60,ISURF,8,Data upload test,4,2023-07-05T09:46:13,2023-07-24T16:36:26,3:50:00,6:00:00,30,1,,,1
60,ISURF,7,Side pots,4,2023-05-18T10:37:51,2023-05-23T16:39:25,3:50:00,4:30:00,20,1,,,1
60,ISURF,6,Screening experiment 2 (Coco-Peat vs Sand),4,2023-05-01T12:47:48,2023-06-27T09:26:49,3:50:00,6:00:00,30,1,None,None,1
60,ISURF,5,Sand test,4,2023-03-29T23:06:54,2023-05-04T14:43:50,3:50:00,4:30:00,20,1,,,1
60,ISURF,4,Screening experiment,4,2023-03-01T13:51:58,2023-05-01T10:58:43,3:50:00,6:00:00,30,1,,,1
60,ISURF,3,iSURF noise check,4,2023-03-17T15:29:32,2023-03-22T13:51:51,3:50:00,4:30:00,30,1,,,1
60,ISURF,2,exp_2,1,,,22:00:00,4:30:00,20,1,,,1
60,ISURF,1,exp_1,4,2021-01-17T22:51:48,2021-01-18T12:46:39,22:00:00,4:30:00,20,1,,,1
61,Shennong Technology Group Co,3,315,2,2023-03-15T21:22:24,,22:00:00,4:30:00,20,1,,,1
61,Shennong Technology Group Co,2,exp_2,1,,,22:00:00,4:30:00,20,1,,,1
61,Shennong Technology Group Co,1,exp_1,4,2021-01-17T22:51:48,2021-01-18T12:46:39,22:00:00,4:30:00,20,1,,,1
63,Netafim2,2,Eggplant_March2023_2,2,2023-05-08T17:22:06,,7:00:00,5:30:00,20,1,,,1
63,Netafim2,1,exp_1,4,2021-08-10T13:50:31,2023-05-08T17:22:03,22:00:00,4:30:00,20,1,,,1
64,Weizmann,41,barak 1st,2,2025-02-20T13:08:22,,22:00:00,4:30:00,20,1,,,1
64,Weizmann,40,GalR_SileneIL_Jan25,4,2025-01-20T14:53:27,2025-02-10T16:06:04,22:00:00,4:30:00,20,1,,,1
64,Weizmann,39,copy of shdema_new_20012025,2,2025-01-20T14:33:35,,22:00:00,4:30:00,20,1,,,1
64,Weizmann,38,shdema_new_20012025,4,2025-01-20T12:22:25,2025-01-20T12:27:52,22:00:00,4:30:00,20,1,None,None,1
64,Weizmann,37,shdema_20012025,4,2025-01-20T10:56:32,2025-01-20T12:07:01,22:00:00,4:30:00,20,1,,,1
64,Weizmann,36,sasfdare,1,,,22:00:00,4:30:00,20,1,,,1
64,Weizmann,35,nadav check,4,2025-01-20T08:52:11,2025-01-20T10:56:13,22:00:00,4:30:00,20,1,,,1
64,Weizmann,34,DEMO_EX\2,1,,,22:00:00,4:30:00,20,1,,,1
64,Weizmann,33,Gal_SileneIL_Jan25,4,2025-01-10T09:08:00,2025-01-20T14:52:24,22:00:00,4:30:00,20,1,,,1
64,Weizmann,31,1,1,,,22:00:00,4:30:00,20,1,,,1
64,Weizmann,30,copy of Gal_SileneM,4,2024-12-07T14:09:33,2024-12-29T09:02:23,22:00:00,4:30:00,20,1,,,1
64,Weizmann,29,Gal_SileneM,4,2024-11-16T15:05:56,2024-12-07T14:03:24,22:00:00,4:30:00,20,1,,,1
64,Weizmann,28,oeESL poplar Agu24,4,2024-08-15T10:46:28,2024-10-20T14:22:55,22:00:00,4:30:00,20,1,,,1
64,Weizmann,27,Gal_SileneIL_July2024,4,2024-07-15T09:29:59,,22:00:00,4:30:00,20,1,,,1
64,Weizmann,26,yannik_oak_carob,4,2024-06-13T15:00:49,,22:00:00,5:30:00,20,1,,,1
64,Weizmann,25,snrkPOP,4,2024-06-13T12:59:26,,22:00:00,5:00:00,30,1,,,1
64,Weizmann,24,yotam_demo_exp,4,2024-06-09T11:52:39,,22:00:00,4:30:00,20,1,,,1
64,Weizmann,23,Gal_SileneM_night,4,2024-05-10T15:25:51,,22:00:00,0:30:00,20,1,,,1
64,Weizmann,22,Gal_sileneM_day,4,2024-05-10T15:18:47,,22:00:00,4:30:00,20,1,,,1
64,Weizmann,21,Gal_SileneIL_night,4,2024-04-12T10:24:41,,22:00:00,0:30:00,20,1,,,1
64,Weizmann,20,Gal_sileneIL_day,4,2024-04-12T10:24:26,,22:00:00,4:30:00,20,1,,,1
64,Weizmann,19,nad-psy,4,2024-03-25T10:57:39,2024-04-12T09:09:28,22:00:00,4:30:00,20,1,,,1
64,Weizmann,18,Gal_demo_night,4,2024-03-25T10:08:14,,22:00:00,0:30:00,20,1,,,1
64,Weizmann,17,Gal_demo_day,4,2024-03-25T09:55:51,,22:00:00,4:30:00,20,1,,,1
64,Weizmann,16,Gal_exercise,1,,,22:00:00,4:30:00,20,1,,,1
64,Weizmann,15,test,1,,,22:00:00,4:30:00,20,1,,,1
64,Weizmann,14,NEWsoilpop23,4,2023-11-16T12:16:33,,22:00:00,5:30:00,20,1,,,1
64,Weizmann,13,2023soil_poplar,4,2023-11-13T10:17:17,,22:00:00,4:30:00,20,1,,,1
64,Weizmann,12,newsoilpop,4,2023-11-01T09:47:42,,22:00:00,4:30:00,20,1,,,1
64,Weizmann,11,SOILPOP_SMALL,4,2023-10-04T13:42:39,,22:00:00,4:30:00,20,1,,,1
64,Weizmann,10,SOILPOP_BIG,4,2023-09-30T10:08:25,,22:00:00,5:00:00,20,1,,,1
64,Weizmann,9,Hagar and Amir,4,2023-08-20T13:16:36,2023-09-22T18:12:20,22:00:00,5:00:00,20,1,None,None,1
64,Weizmann,8,baseline 2,4,2023-08-17T19:56:10,2023-08-20T13:11:09,22:00:00,4:30:00,20,1,,,1
64,Weizmann,7,BASELINE,4,2023-08-10T11:49:22,2023-08-17T13:28:42,22:00:00,4:30:00,20,1,,,1
64,Weizmann,6,amir control,4,2023-07-30T12:08:22,2023-08-17T13:29:14,22:00:00,4:30:00,20,1,,,1
64,Weizmann,5,hagar control,4,2023-07-02T12:38:00,2023-08-17T13:29:56,22:00:00,4:30:00,20,1,,,1
64,Weizmann,4,TEST_B,4,2023-05-17T11:57:15,2023-05-23T11:59:31,22:00:00,4:30:00,20,1,,,1
64,Weizmann,3,TEST_A,4,2023-05-17T11:26:53,2023-05-23T11:59:22,22:00:00,4:30:00,20,1,,,1
64,Weizmann,2,TEST_C,4,2023-05-15T16:49:24,2023-05-23T11:59:13,22:00:00,4:30:00,20,1,,,1
64,Weizmann,1,exp_1,4,2021-01-17T22:51:48,2021-01-18T12:46:39,22:00:00,4:30:00,20,1,,,1
65,CREA,12,WheatSecurity_SSP,2,2024-12-09T09:51:41,,22:00:00,4:30:00,20,1,,,1
65,CREA,11,Rootem,4,2024-09-26T13:48:30,2024-12-02T10:53:06,22:00:00,4:30:00,20,1,,,1
65,CREA,10,RecoBar_1,4,2024-05-17T16:15:37,2024-07-10T12:11:00,22:00:00,4:30:00,20,1,None,None,1
65,CREA,9,WheatSecurity_TD,4,2024-03-04T17:23:42,,22:00:00,4:30:00,20,1,None,None,1
65,CREA,8,vasi nuovi dec23,4,2023-12-22T14:41:41,,22:00:00,6:30:00,20,1,,,1
65,CREA,7,IL_parents,3,2023-12-06T11:32:15,2024-02-02T11:30:28,22:00:00,4:30:00,20,1,Guerra,,1
65,CREA,6,Chanell & Formula 08_11_23,4,2023-11-13T15:45:00,,22:00:00,6:30:00,20,1,Tondelli ed Eteri,None,1
65,CREA,5,Soil test 20_10_23,4,2023-10-20T16:08:24,2023-12-04T16:30:30,22:00:00,4:30:00,20,1,,,1
65,CREA,4,test2_050723,3,2023-07-05T14:26:09,2023-10-02T10:30:20,22:00:00,4:30:00,20,1,,,1
65,CREA,3,test1_280623,4,2023-06-28T10:37:59,2023-10-18T16:45:47,22:00:00,4:30:00,20,1,,,1
65,CREA,2,exp_2,1,,,22:00:00,4:30:00,20,1,,,1
65,CREA,1,exp_1,4,2021-01-17T22:51:48,2021-01-18T12:46:39,22:00:00,4:30:00,20,1,,,1
67,HUJI Experimental  Farm,4,Banana spring 2024,2,2024-06-20T15:45:44,,22:00:00,4:30:00,20,1,,,1
67,HUJI Experimental  Farm,3,Ariel irrigation,1,,,22:00:00,4:30:00,20,1,,,1
67,HUJI Experimental  Farm,2,Roy Wheat,4,2023-12-06T17:50:27,2024-05-01T11:38:56,22:00:00,4:30:00,20,1,None,None,1
67,HUJI Experimental  Farm,1,Farm,4,2023-10-15T16:04:51,,22:00:00,4:30:00,20,1,,,1
68,UF - TREC,12,copy of Grape water stress- March 14 -2024,4,2024-07-08T10:01:33,,22:00:00,5:30:00,30,1,,,1
68,UF - TREC,11,Grape water stress- March 14 -2024,4,2024-03-15T11:19:20,2024-06-24T11:59:34,22:00:00,5:30:00,30,1,,,1
68,UF - TREC,10,cleaning Grape- Frb 09 -2024,4,,,22:00:00,5:30:00,30,1,,,1
68,UF - TREC,9,cleaning Grape-Mar13 2024,1,,,22:00:00,5:30:00,30,1,,,1
68,UF - TREC,8,Grape- Frb 09 -2024,4,2024-02-09T12:07:43,,22:00:00,5:30:00,30,1,,,1
68,UF - TREC,7,copy of Papaya salinity- 01-2024,4,2024-02-05T10:47:25,,22:00:00,5:30:00,30,1,,,1
68,UF - TREC,6,Papaya salinity- 01-2024,4,2024-01-11T11:23:28,,22:00:00,5:30:00,30,1,,,1
68,UF - TREC,5,Grape- 01-2024,4,2024-02-06T11:13:11,,22:00:00,5:30:00,30,1,,,1
68,UF - TREC,4,Pilot Salinity,1,,,22:00:00,4:30:00,20,1,,,1
68,UF - TREC,3,Cleaning,1,,,22:00:00,4:30:00,20,1,,,1
68,UF - TREC,2,exp_2,1,,,22:00:00,4:30:00,20,1,,,1
68,UF - TREC,1,exp_1,4,2021-01-17T22:51:48,2021-01-18T12:46:39,22:00:00,4:30:00,20,1,,,1
69,Geisenheim,3,BIOFA,4,2024-08-01T16:39:21,2024-10-17T16:40:53,22:00:00,4:30:00,20,1,,,1
69,Geisenheim,2,testrun,4,2024-07-24T11:12:29,,22:00:00,3:30:00,20,1,,,1
69,Geisenheim,1,exp_1,4,2023-11-22T13:55:48,,22:00:00,4:30:00,20,1,,,1
70,Purdue,6,Bacillus_Tomato,4,2024-06-07T15:48:05,,22:00:00,4:30:00,20,1,,,1
70,Purdue,5,Lettuce_Drought_03/2024,4,2024-03-14T12:09:00,2024-05-07T13:00:00,22:00:00,4:30:00,20,1,,,1
70,Purdue,4,Test,4,2024-02-29T09:43:59,,22:00:00,4:30:00,20,1,,,1
70,Purdue,3,WL_Fall23_PlantDiTechExp,4,2023-10-20T12:02:02,2023-11-29T14:28:45,22:00:00,4:30:00,20,1,,,1
70,Purdue,2,exp_2,1,,,22:00:00,4:30:00,20,1,,,1
70,Purdue,1,exp_1,4,2021-01-17T22:51:48,2021-01-18T12:46:39,22:00:00,4:30:00,20,1,,,1
72,Tokyo_U,11,empty test,2,2025-01-10T14:57:47,,22:00:00,0:00:00,20,1,,,1
72,Tokyo_U,10,P1P2_D&I,3,2024-09-13T15:11:08,2024-11-24T16:25:17,22:00:00,0:00:00,20,1,,,1
72,Tokyo_U,9,P1P2_Drought,4,2024-06-14T18:04:45,2024-06-27T19:17:05,,0:00:00,20,1,,,1
72,Tokyo_U,8,copy of CC_Drought,4,2024-06-14T11:40:16,,22:00:00,0:00:00,20,1,,,1
72,Tokyo_U,7,CC_Drought,4,2024-06-13T15:47:05,,22:00:00,4:30:00,20,1,,,1
72,Tokyo_U,6,test-drought,4,2024-06-10T19:25:04,2024-06-12T11:15:02,22:00:00,4:30:00,20,1,,,1
72,Tokyo_U,5,test-drught,4,2024-05-21T14:30:16,,22:00:00,4:30:00,20,1,,,1
72,Tokyo_U,4,test2,4,2024-05-16T18:59:00,2024-05-17T11:03:54,22:00:00,4:30:00,20,1,,,1
72,Tokyo_U,3,test,4,2024-05-15T19:32:58,2024-05-16T13:44:59,22:00:00,4:30:00,20,1,,,1
72,Tokyo_U,2,exp_2,1,,,22:00:00,4:30:00,20,1,,,1
72,Tokyo_U,1,exp_1,4,2021-01-17T22:51:48,2021-01-18T12:46:39,22:00:00,4:30:00,20,1,,,1
73,Sea6Energy,8,Manjesh_27-11-2024,1,,,22:00:00,4:30:00,20,1,,,1
73,Sea6Energy,7,MANJESH1,1,,,22:00:00,4:30:00,20,1,,,1
73,Sea6Energy,6,Corn-26 Sep 2024,4,2024-09-27T15:36:00,2024-12-03T14:45:13,22:00:00,4:30:00,20,1,Sam,sam@sea6energy.com,1
73,Sea6Energy,5,17 Sep 2024,4,2024-09-18T16:58:49,2024-09-21T12:17:12,22:00:00,4:30:00,20,1,Sam,sam@sea6energy.com,1
73,Sea6Energy,4,exp 4,1,,,22:00:00,4:30:00,20,1,,,1
73,Sea6Energy,3,exp_3,1,,,22:00:00,4:30:00,20,1,,,1
73,Sea6Energy,2,exp_2,1,,,22:00:00,4:30:00,20,1,,,1
73,Sea6Energy,1,exp_1,4,2021-01-17T22:51:48,2021-01-18T12:46:39,22:00:00,4:30:00,20,1,,,1
74,Henan- Yazhou,2,exp_2,1,,,22:00:00,4:30:00,20,1,,,1
74,Henan- Yazhou,1,exp_1,4,2021-01-17T22:51:48,2021-01-18T12:46:39,22:00:00,4:30:00,20,1,,,1
75,Oregon,11,Vaccinium and Spiraea 9/6/24,3,2024-09-10T12:25:26,2024-10-15T19:15:48,22:00:00,4:30:00,20,1,,,1
75,Oregon,10,NEW RESEARCH EXPERIMENT,4,2024-08-01T16:57:00,2024-09-05T14:39:31,21:00:00,4:30:00,20,1,,,1
75,Oregon,9,RESEARCH EXPERIMENT NEW,4,2024-08-01T16:10:48,,21:00:00,4:30:00,20,1,,,1
75,Oregon,8,RESEARCH EXPERIMENT ENDED,4,2024-07-29T15:59:20,,21:00:00,4:30:00,20,1,,,1
75,Oregon,7,RESEARCH test,4,2024-07-26T12:12:01,,22:00:00,4:30:00,20,1,,,1
75,Oregon,6,Keen exp3,4,2024-07-26T10:28:51,,22:00:00,4:30:00,20,1,,,1
75,Oregon,5,Keen exp2,4,2024-07-22T12:49:53,,0:00:00,4:30:00,20,1,,,1
75,Oregon,4,Keen exp1,4,2024-07-16T13:18:17,,0:00:00,4:30:00,20,1,,,1
75,Oregon,3,Sensors test,4,2024-07-15T13:56:35,,22:00:00,4:30:00,20,1,,,1
75,Oregon,2,exp_2,4,2024-06-21T10:04:18,,22:00:00,4:30:00,20,1,,,1
75,Oregon,1,test exp1,4,2021-01-17T22:51:48,,22:00:00,4:30:00,20,1,,,1
76,CABBI,10,EPF Sorghum Sanbon,2,2025-02-18T09:25:53,,22:00:00,4:30:00,20,1,,,1
76,CABBI,9,Turface Sugarcane,2,2025-02-10T12:11:50,,6:00:00,5:00:00,20,1,,,1
76,CABBI,8,Irrigation Testing,4,2025-02-04T12:43:33,2025-02-18T08:19:29,22:00:00,4:30:00,20,1,,,1
76,CABBI,7,EPF Sugarcane,2,2024-11-14T12:36:00,,6:00:00,6:00:00,20,1,,,1
76,CABBI,6,Sorghum Growth Conditions,4,2024-10-28T08:19:13,2025-02-18T08:20:23,22:00:00,4:30:00,20,1,,,1
76,CABBI,5,Water Capacity Test,1,,,22:00:00,4:30:00,20,1,,,1
76,CABBI,4,Training1,1,,,0:00:00,3:00:00,20,1,,,1
76,CABBI,3,Load Cell Testing,4,2024-07-01T13:32:18,2024-10-25T10:25:12,22:00:00,4:30:00,20,1,,,1
76,CABBI,2,exp_2,1,,,22:00:00,4:30:00,20,1,,,1
76,CABBI,1,exp_1,4,2021-01-17T22:51:48,2021-01-18T12:46:39,22:00:00,4:30:00,20,1,,,1
77,Missouri,8,2st_Test_Drought,2,2025-02-12T16:26:59,,22:00:00,3:00:00,20,1,Jose Netto,,1
77,Missouri,7,1st_Test_Drought,4,2025-02-13T16:52:50,2025-02-21T15:37:18,22:00:00,3:00:00,20,1,Jose Netto,,1
77,Missouri,6,1st_Test_Drought,2,2025-02-12T14:18:24,,22:00:00,3:00:00,20,1,Jose Netto,,1
77,Missouri,5,Acclimating,4,2025-02-06T15:59:36,2025-02-08T16:09:45,22:00:00,4:30:00,20,1,,,1
77,Missouri,4,Test_1,4,2025-02-04T16:46:53,2025-02-06T12:30:33,22:00:00,4:30:00,20,1,,,1
77,Missouri,3,1st_Drought,4,2025-02-08T16:09:50,2025-02-12T14:13:23,22:00:00,3:00:00,20,1,Jose Netto,,1
77,Missouri,2,bench 5,4,2025-02-12T16:16:07,2025-02-12T16:22:45,16:18:00,4:30:00,20,1,,,1
77,Missouri,1,exp_1,4,2021-01-17T22:51:48,2021-01-18T12:46:39,22:00:00,4:30:00,20,1,,,1
78,Nanjing,3,JSNKYceshi,1,,,22:00:00,4:30:00,20,1,,,1
78,Nanjing,2,exp_2,1,,,22:00:00,4:30:00,20,1,,,1
78,Nanjing,1,exp_1,4,2021-01-17T22:51:48,2021-01-18T12:46:39,22:00:00,4:30:00,20,1,,,1
80,UFV,7,Dought_BellPepper,2,2025-02-05T16:28:29,,22:00:00,4:30:00,20,1,Jardel and Juscuimar,,1
80,UFV,6,Bellpepper Water Restriction,4,2024-12-27T15:39:27,2025-01-29T17:27:31,22:00:00,4:30:00,20,1,Jardel and Juscimar,,1
80,UFV,3,Teste,4,2024-09-11T11:27:21,2024-09-11T11:39:12,22:00:00,4:30:00,20,1,,,1
81,ZAAS- BIozeron,2,exp_2,1,,,22:00:00,4:30:00,20,1,,,1
81,ZAAS- BIozeron,1,exp_1,4,2021-01-17T22:51:48,2021-01-18T12:46:39,22:00:00,4:30:00,20,1,,,1
82,WSU,2,exp_2,1,,,22:00:00,4:30:00,20,1,,,1
82,WSU,1,exp_1,4,2021-01-17T22:51:48,2021-01-18T12:46:39,22:00:00,4:30:00,20,1,,,1
83,Miller Chemical,13,VaporGuardTrial,2,2025-02-26T11:49:47,,22:00:00,4:30:00,20,1,,,1
83,Miller Chemical,12,EGTomato,2,2025-02-10T11:50:15,,22:00:00,4:30:00,30,1,,,1
83,Miller Chemical,10,Pepper,2,2025-02-07T11:04:54,,22:00:00,4:30:00,20,1,,,1
83,Miller Chemical,7,DroughtExpt_TrainingExercise,1,,,22:00:00,4:30:00,20,1,,,1
83,Miller Chemical,2,exp_2,1,,,22:00:00,4:30:00,20,1,,,1
83,Miller Chemical,1,exp_1,4,2021-01-17T22:51:48,2021-01-18T12:46:39,22:00:00,4:30:00,20,1,,,1
84,Jiangsu,2,exp_2,1,,,22:00:00,4:30:00,20,1,,,1
84,Jiangsu,1,exp_1,4,2021-01-17T22:51:48,2021-01-18T12:46:39,22:00:00,4:30:00,20,1,,,1
